judge,dataset,category,n,seed,cov_raw,width_raw,cov_adj,width_adj,pearson,cp_informativeness,rsg
LLaVA-Critic,AesBench,Aesthetics/AI,392,1,0.8877551020408163,1.814917829571938,0.9693877551020408,2.438775510204082,0.37715832593722987,0.5462705426070156,-0.1691122166697857
LLaVA-Critic,AesBench,Aesthetics/AI,392,2,0.9132653061224489,2.331705792826049,0.9744897959183674,2.8469387755102042,0.4086679070152709,0.4170735517934877,-0.008405644778216814
LLaVA-Critic,AesBench,Aesthetics/AI,392,3,0.826530612244898,1.7026881843197101,0.9744897959183674,2.4591836734693877,0.5040444230920824,0.5743279539200725,-0.0702835308279901
LLaVA-Critic,AesBench,Aesthetics/AI,392,4,0.9132653061224489,1.986951972757067,0.9693877551020408,2.5969387755102042,0.4226519623711159,0.5032620068107332,-0.08061004443961728
LLaVA-Critic,AesBench,Aesthetics/AI,392,5,0.8775510204081632,2.2294979788819136,0.9897959183673469,2.7346938775510203,0.4165491159617023,0.4426255052795216,-0.026076389317819304
LLaVA-Critic,AesBench,Aesthetics/AI,392,6,0.9183673469387755,2.121257415839604,0.9846938775510204,2.663265306122449,0.422080014668425,0.469685646040099,-0.047605631371674006
LLaVA-Critic,AesBench,Aesthetics/AI,392,7,0.826530612244898,1.4987941092374373,0.9744897959183674,2.377551020408163,0.4160066433516028,0.6253014726906407,-0.20929482933903792
LLaVA-Critic,AesBench,Aesthetics/AI,392,8,0.8826530612244898,1.9279342232918253,0.9846938775510204,2.61734693877551,0.4269489710340589,0.5180164441770436,-0.09106747314298475
LLaVA-Critic,AesBench,Aesthetics/AI,392,9,0.9183673469387755,2.296230115452591,0.9846938775510204,2.816326530612245,0.40660146865833285,0.42594247113685224,-0.019341002478519387
LLaVA-Critic,AesBench,Aesthetics/AI,392,10,0.9081632653061225,2.3972645669567343,1.0,2.9591836734693877,0.39653622407928063,0.40068385826081643,-0.0041476341815357975
LLaVA-Critic,ChartQA,Vision-Heavy,400,1,0.9,3.1666482776403426,0.975,3.54,0.4879133808847823,0.20833793058991434,0.27957545029486797
LLaVA-Critic,ChartQA,Vision-Heavy,400,2,0.88,3.1195512425899508,0.97,3.52,0.48635946812779457,0.2201121893525123,0.26624727877528226
LLaVA-Critic,ChartQA,Vision-Heavy,400,3,0.86,2.863819774389267,0.95,3.405,0.49967453207754636,0.2840450564026833,0.21562947567486307
LLaVA-Critic,ChartQA,Vision-Heavy,400,4,0.86,3.0927265536785127,0.955,3.615,0.5572734463924645,0.22681836158037183,0.3304550848120926
LLaVA-Critic,ChartQA,Vision-Heavy,400,5,0.865,2.9915597105026244,0.96,3.52,0.47665496722439316,0.2521100723743439,0.22454489485004925
LLaVA-Critic,ChartQA,Vision-Heavy,400,6,0.905,3.214951665401459,0.99,3.75,0.5059523652338517,0.19626208364963527,0.3096902815842164
LLaVA-Critic,ChartQA,Vision-Heavy,400,7,0.77,2.5205024605989457,0.915,2.97,0.45254010674700407,0.3698743848502636,0.08266572189674048
LLaVA-Critic,ChartQA,Vision-Heavy,400,8,0.815,2.62223802626133,0.925,3.265,0.5240436522099878,0.34444049343466754,0.1796031587753203
LLaVA-Critic,ChartQA,Vision-Heavy,400,9,0.86,3.1142795771360396,0.955,3.635,0.49911558065917094,0.2214301057159901,0.27768547494318085
LLaVA-Critic,ChartQA,Vision-Heavy,400,10,0.935,3.3222683703899385,0.995,3.71,0.5139010424311967,0.16943290740251538,0.34446813502868134
LLaVA-Critic,Concept Caption,Knowledge/Web,398,1,0.914572864321608,2.7900917655858564,0.9949748743718593,3.457286432160804,0.38922313512228257,0.3024770586035359,0.08674607651874666
LLaVA-Critic,Concept Caption,Knowledge/Web,398,2,0.8693467336683417,2.297716596018729,0.964824120603015,3.1658291457286434,0.48003571366395986,0.4255708509953178,0.05446486266864209
LLaVA-Critic,Concept Caption,Knowledge/Web,398,3,0.8190954773869347,2.4349169958775967,0.9849246231155779,3.1155778894472363,0.33050128309416005,0.3912707510306008,-0.06076946793644078
LLaVA-Critic,Concept Caption,Knowledge/Web,398,4,0.9246231155778895,3.0494014917306567,1.0,3.708542713567839,0.3483653967969535,0.23764962706733583,0.11071576972961766
LLaVA-Critic,Concept Caption,Knowledge/Web,398,5,0.9195979899497487,3.2566293501973753,1.0,3.7839195979899496,0.3362858105292213,0.18584266245065617,0.15044314807856513
LLaVA-Critic,Concept Caption,Knowledge/Web,398,6,0.9246231155778895,2.6080093198086147,0.9849246231155779,3.4271356783919598,0.36659160412693587,0.3479976700478463,0.018593934079089547
LLaVA-Critic,Concept Caption,Knowledge/Web,398,7,0.9095477386934674,2.6638410786288467,0.9849246231155779,3.341708542713568,0.3890301986385601,0.33403973034278833,0.054990468295771755
LLaVA-Critic,Concept Caption,Knowledge/Web,398,8,0.9195979899497487,2.6063805003861087,0.9849246231155779,3.2462311557788945,0.2018833339397908,0.3484048749034728,-0.14652154096368203
LLaVA-Critic,Concept Caption,Knowledge/Web,398,9,0.8693467336683417,2.6041320484487254,0.9899497487437185,3.3316582914572863,0.40112402536931785,0.34896698788781866,0.05215703748149919
LLaVA-Critic,Concept Caption,Knowledge/Web,398,10,0.8341708542713567,2.38680382949024,0.9396984924623115,2.8844221105527637,0.4070191673695676,0.40329904262744,0.0037201247421276284
LLaVA-Critic,ScienceQA,Vision-Heavy,396,1,0.9343434343434344,3.53386998537815,0.98989898989899,3.792929292929293,0.3985388532242057,0.11653250365546253,0.28200634956874315
LLaVA-Critic,ScienceQA,Vision-Heavy,396,2,0.8535353535353535,2.630515516406358,0.9242424242424242,3.202020202020202,0.24358660025334536,0.3423711208984105,-0.09878452064506513
LLaVA-Critic,ScienceQA,Vision-Heavy,396,3,0.9090909090909091,3.308473056615001,0.9848484848484849,3.707070707070707,0.25204980220969764,0.17288173584624977,0.07916806636344786
LLaVA-Critic,ScienceQA,Vision-Heavy,396,4,0.9444444444444444,3.5092454016810715,0.9848484848484849,3.797979797979798,0.31661632884926155,0.12268864957973213,0.19392767926952942
LLaVA-Critic,ScienceQA,Vision-Heavy,396,5,0.9191919191919192,3.4889640826167483,0.98989898989899,3.7777777777777777,0.2967742937418745,0.12775897934581293,0.16901531439606154
LLaVA-Critic,ScienceQA,Vision-Heavy,396,6,0.8232323232323232,2.51142484009868,0.9090909090909091,2.9646464646464645,0.23679886779682174,0.37214378997533004,-0.1353449221785083
LLaVA-Critic,ScienceQA,Vision-Heavy,396,7,0.8737373737373737,2.920429259839684,0.9494949494949495,3.409090909090909,0.15793002990009514,0.269892685040079,-0.11196265513998388
LLaVA-Critic,ScienceQA,Vision-Heavy,396,8,0.9090909090909091,3.4952063078832145,0.9797979797979798,3.7676767676767677,0.2638751597229502,0.12619842302919637,0.13767673669375385
LLaVA-Critic,ScienceQA,Vision-Heavy,396,9,0.898989898989899,3.0793814364105763,0.9595959595959596,3.5454545454545454,0.36319449036605045,0.23015464089735593,0.13303984946869452
LLaVA-Critic,ScienceQA,Vision-Heavy,396,10,0.898989898989899,3.112551801132433,0.9444444444444444,3.515151515151515,0.29927704402229544,0.22186204971689172,0.07741499430540372
LLaVA-Critic,VisitBench,General VQA,397,1,0.914572864321608,3.172502218778409,0.9949748743718593,3.522613065326633,0.4105249996600653,0.20687444530539778,0.2036505543546675
LLaVA-Critic,VisitBench,General VQA,397,2,0.8241206030150754,2.825737981940035,0.9748743718592965,3.3969849246231156,0.3362408790096901,0.2935655045149913,0.04267537449469877
LLaVA-Critic,VisitBench,General VQA,397,3,0.8844221105527639,3.1826676298026464,0.9949748743718593,3.658291457286432,0.37426897222402544,0.2043330925493384,0.16993587967468704
LLaVA-Critic,VisitBench,General VQA,397,4,0.914572864321608,2.9810324428069532,0.9849246231155779,3.5376884422110555,0.400224934814981,0.2547418892982617,0.1454830455167193
LLaVA-Critic,VisitBench,General VQA,397,5,0.8592964824120602,2.896329078842048,0.9849246231155779,3.437185929648241,0.33056928606695374,0.27591773028948796,0.05465155577746578
LLaVA-Critic,VisitBench,General VQA,397,6,0.8944723618090452,2.950064877768857,0.9949748743718593,3.487437185929648,0.35214403328588134,0.26248378055778576,0.08966025272809558
LLaVA-Critic,VisitBench,General VQA,397,7,0.8592964824120602,3.033462242864484,0.9798994974874372,3.6030150753768844,0.3471211637502823,0.24163443928387895,0.10548672446640334
LLaVA-Critic,VisitBench,General VQA,397,8,0.7738693467336684,2.522507681319462,0.9447236180904522,3.180904522613065,0.23621544690294996,0.36937307967013455,-0.1331576327671846
LLaVA-Critic,VisitBench,General VQA,397,9,0.9346733668341709,3.171913902963226,0.9849246231155779,3.557788944723618,0.38024429238491764,0.2070215242591935,0.17322276812572412
LLaVA-Critic,VisitBench,General VQA,397,10,0.7537688442211056,2.638145751689547,0.964824120603015,3.2814070351758793,0.3411824359201857,0.3404635620776133,0.0007188738425724095
LLaVA-Critic,WIT,Knowledge/Web,399,1,0.875,2.565304366350174,0.98,3.25,0.0830023930872709,0.3586739084124565,-0.2756715153251856
LLaVA-Critic,WIT,Knowledge/Web,399,2,0.885,2.5181467747688293,0.965,3.17,0.22274185129048962,0.3704633063077927,-0.14772145501730305
LLaVA-Critic,WIT,Knowledge/Web,399,3,0.9,3.0088121521472933,0.99,3.36,0.02444687619844557,0.2477969619631767,-0.22335008576473112
LLaVA-Critic,WIT,Knowledge/Web,399,4,0.88,2.563121287822723,0.975,3.255,0.23147302872703682,0.3592196780443192,-0.12774664931728238
LLaVA-Critic,WIT,Knowledge/Web,399,5,0.9,3.003745486140251,0.99,3.415,0.049774275447014196,0.24906362846493724,-0.19928935301792305
LLaVA-Critic,WIT,Knowledge/Web,399,6,0.96,3.169243847131729,1.0,3.655,0.18280393116909321,0.20768903821706775,-0.02488510704797453
LLaVA-Critic,WIT,Knowledge/Web,399,7,0.935,3.1688542610406873,1.0,3.695,0.09307819478072349,0.20778643473982816,-0.11470823995910467
LLaVA-Critic,WIT,Knowledge/Web,399,8,0.6,1.0521994572877884,0.945,2.4,0.10955201341884062,0.7369501356780529,-0.6273981222592123
LLaVA-Critic,WIT,Knowledge/Web,399,9,0.88,2.4190113800764084,0.99,3.19,0.17983456185176808,0.3952471549808979,-0.21541259312912983
LLaVA-Critic,WIT,Knowledge/Web,399,10,0.915,2.7800306367874144,0.99,3.39,0.25877744749416426,0.3049923408031464,-0.04621489330898215
LLaVA-Critic,coco,General VQA,397,1,0.964824120603015,3.116827260908769,1.0,3.6683417085427137,0.4633959390787884,0.22079318477280774,0.24260275430598066
LLaVA-Critic,coco,General VQA,397,2,0.8743718592964824,2.4357099527090638,0.964824120603015,3.0,0.28922229015683903,0.39107251182273406,-0.10185022166589502
LLaVA-Critic,coco,General VQA,397,3,0.9346733668341709,2.555831854067855,0.9899497487437185,3.1055276381909547,0.365168320560274,0.36104203648303623,0.004126284077237752
LLaVA-Critic,coco,General VQA,397,4,0.864321608040201,2.40968204383275,0.9849246231155779,3.080402010050251,0.45974965372022214,0.3975794890418125,0.062170164678409634
LLaVA-Critic,coco,General VQA,397,5,0.8894472361809045,2.4836277997673455,0.9949748743718593,3.14070351758794,0.3629647756563362,0.3790930500581636,-0.016128274401827403
LLaVA-Critic,coco,General VQA,397,6,0.914572864321608,2.591545030100262,0.9798994974874372,3.1155778894472363,0.3670255548351818,0.35211374247493454,0.014911812360247245
LLaVA-Critic,coco,General VQA,397,7,0.8592964824120602,2.2881358017274485,0.9698492462311558,2.864321608040201,0.35611019660908944,0.4279660495681379,-0.07185585295904845
LLaVA-Critic,coco,General VQA,397,8,0.914572864321608,2.4876698213606026,0.9849246231155779,3.180904522613065,0.35863790351000385,0.37808254465984936,-0.01944464114984551
LLaVA-Critic,coco,General VQA,397,9,0.9246231155778895,2.4809746778191033,0.9798994974874372,3.0603015075376883,0.4004407570932269,0.3797563305452242,0.020684426548002732
LLaVA-Critic,coco,General VQA,397,10,0.9296482412060302,2.758709690079617,0.9798994974874372,3.201005025125628,0.33008092817274637,0.31032257748009573,0.01975835069265064
LLaVA-Critic,diffusiondb,Aesthetics/AI,299,1,0.9333333333333333,3.761622965335846,1.0,3.9066666666666667,0.1288206247228267,0.05959425866603851,0.0692263660567882
LLaVA-Critic,diffusiondb,Aesthetics/AI,299,2,0.8666666666666667,3.241553314526876,1.0,3.9133333333333336,0.05762853576231432,0.18961167136828105,-0.13198313560596675
LLaVA-Critic,diffusiondb,Aesthetics/AI,299,3,0.8066666666666666,3.178803505897522,0.9666666666666667,3.7866666666666666,0.050053852063118805,0.20529912352561952,-0.15524527146250072
LLaVA-Critic,diffusiondb,Aesthetics/AI,299,4,0.78,2.9891406806310017,0.9733333333333334,3.68,0.1552867223455316,0.2527148298422496,-0.09742810749671799
LLaVA-Critic,diffusiondb,Aesthetics/AI,299,5,0.9533333333333334,3.854194002946218,1.0,3.993333333333333,0.07344639486441963,0.036451499263445486,0.036994895600974145
LLaVA-Critic,diffusiondb,Aesthetics/AI,299,6,0.8466666666666667,3.186356550057729,0.9733333333333334,3.7533333333333334,-0.0033250208969366475,0.20341086248556772,-0.20008584158863107
LLaVA-Critic,diffusiondb,Aesthetics/AI,299,7,0.9066666666666666,3.542525552113851,0.9866666666666667,3.94,0.09547052532980281,0.11436861197153725,-0.018898086641734438
LLaVA-Critic,diffusiondb,Aesthetics/AI,299,8,0.86,3.09608119169871,0.98,3.8866666666666667,0.074915916144425,0.22597970207532247,-0.15106378593089748
LLaVA-Critic,diffusiondb,Aesthetics/AI,299,9,0.9,3.579353864987691,1.0,3.8466666666666667,0.11676001337424148,0.10516153375307724,0.01159847962116424
LLaVA-Critic,diffusiondb,Aesthetics/AI,299,10,0.8733333333333333,3.3071048108736676,0.9866666666666667,3.84,0.1351837128216855,0.1732237972815831,-0.038040084459897594
LLaVA-Critic,infographicsVQA,Vision-Heavy,398,1,0.7085427135678392,2.7097381922467867,0.9246231155778895,3.3618090452261304,0.38460357912237847,0.3225654519383033,0.06203812718407514
LLaVA-Critic,infographicsVQA,Vision-Heavy,398,2,0.8844221105527639,3.522604965684402,0.9597989949748744,3.8542713567839195,0.4556192143182073,0.11934875857889948,0.3362704557393078
LLaVA-Critic,infographicsVQA,Vision-Heavy,398,3,0.8592964824120602,3.3645334645132325,0.9698492462311558,3.7889447236180906,0.3730345483987848,0.15886663387169186,0.21416791452709294
LLaVA-Critic,infographicsVQA,Vision-Heavy,398,4,0.9045226130653267,3.6123543109127025,1.0,3.9396984924623117,0.4713214702525181,0.09691142227182437,0.3744100479806937
LLaVA-Critic,infographicsVQA,Vision-Heavy,398,5,0.9195979899497487,3.23723662019375,0.964824120603015,3.663316582914573,0.4319249499922821,0.19069084495156252,0.24123410504071957
LLaVA-Critic,infographicsVQA,Vision-Heavy,398,6,0.8844221105527639,3.4007531602178984,0.9849246231155779,3.798994974874372,0.45296070478573186,0.1498117099455254,0.30314899484020646
LLaVA-Critic,infographicsVQA,Vision-Heavy,398,7,0.914572864321608,3.5195409700499107,0.9849246231155779,3.8542713567839195,0.43085025058186865,0.12011475748752232,0.31073549309434634
LLaVA-Critic,infographicsVQA,Vision-Heavy,398,8,0.8894472361809045,3.4055905246255387,0.9798994974874372,3.7437185929648242,0.3826948152272866,0.14860236884361533,0.23409244638367127
LLaVA-Critic,infographicsVQA,Vision-Heavy,398,9,0.9095477386934674,3.615841510307849,0.9798994974874372,3.8391959798994977,0.447286867204282,0.09603962242303776,0.35124724478124425
LLaVA-Critic,infographicsVQA,Vision-Heavy,398,10,0.9296482412060302,3.6612215659127165,0.9849246231155779,3.9346733668341707,0.4382153563167211,0.08469460852182087,0.3535207477949002
LLaVA-Critic,llava_bench,General VQA,396,1,0.8838383838383839,2.852162151625662,0.98989898989899,3.5454545454545454,0.22001108953099385,0.28695946209358447,-0.06694837256259062
LLaVA-Critic,llava_bench,General VQA,396,2,0.797979797979798,2.6207732046493377,0.9595959595959596,3.3282828282828283,0.20723300017937207,0.34480669883766557,-0.1375736986582935
LLaVA-Critic,llava_bench,General VQA,396,3,0.8333333333333334,2.5066097842322455,0.9797979797979798,3.4797979797979797,0.24914886526607283,0.37334755394193864,-0.12419868867586581
LLaVA-Critic,llava_bench,General VQA,396,4,0.9242424242424242,3.3591587934831177,1.0,3.974747474747475,0.24388339221262495,0.16021030162922056,0.08367309058340439
LLaVA-Critic,llava_bench,General VQA,396,5,0.8888888888888888,2.8797964700544725,0.9595959595959596,3.5757575757575757,0.21569001766923296,0.2800508824863819,-0.06436086481714892
LLaVA-Critic,llava_bench,General VQA,396,6,0.9191919191919192,3.3336145570783904,0.9949494949494949,3.9797979797979797,0.1873627823171215,0.1665963607304024,0.020766421586719097
LLaVA-Critic,llava_bench,General VQA,396,7,0.7878787878787878,2.1397361153303973,0.9494949494949495,3.0505050505050506,0.3048152335294618,0.46506597116740067,-0.16025073763793884
LLaVA-Critic,llava_bench,General VQA,396,8,0.8939393939393939,3.1048349695976336,0.9848484848484849,3.742424242424242,0.24584139345965358,0.2237912576005916,0.022050135859061987
LLaVA-Critic,llava_bench,General VQA,396,9,0.9646464646464646,3.7390126676270454,1.0,3.9696969696969697,0.2693064224357215,0.06524683309323864,0.20405958934248286
LLaVA-Critic,llava_bench,General VQA,396,10,0.9343434343434344,3.2531941057455662,0.98989898989899,3.7222222222222223,0.3105526288531727,0.18670147356360844,0.12385115528956425
LLaVA-Critic,mathvista,Vision-Heavy,790,1,0.8354430379746836,2.9961939573287966,0.9645569620253165,3.5316455696202533,0.30516359916208047,0.25095151066780086,0.05421208849427961
LLaVA-Critic,mathvista,Vision-Heavy,790,2,0.8860759493670886,3.367975285083433,0.9924050632911392,3.789873417721519,0.38243602582266023,0.1580061787291418,0.22442984709351843
LLaVA-Critic,mathvista,Vision-Heavy,790,3,0.9341772151898734,3.4533674004711683,0.979746835443038,3.721518987341772,0.4058749309704997,0.13665814988220792,0.2692167810882918
LLaVA-Critic,mathvista,Vision-Heavy,790,4,0.850632911392405,3.0018016169342814,0.9670886075949368,3.49873417721519,0.3922972981210869,0.24954959576642965,0.14274770235465722
LLaVA-Critic,mathvista,Vision-Heavy,790,5,0.9240506329113924,3.3599601787856863,0.9822784810126582,3.7569620253164557,0.3945084520270274,0.16000995530357842,0.23449849672344897
LLaVA-Critic,mathvista,Vision-Heavy,790,6,0.6582278481012658,3.49514824136903,0.9873417721518988,3.8354430379746836,0.3916851787685465,0.1262129396577425,0.26547223911080403
LLaVA-Critic,mathvista,Vision-Heavy,790,7,0.8962025316455696,3.384714189662209,0.9873417721518988,3.751898734177215,0.38844793993856486,0.1538214525844478,0.23462648735411706
LLaVA-Critic,mathvista,Vision-Heavy,790,8,0.9113924050632911,3.4382094265539433,0.9873417721518988,3.789873417721519,0.38930166523535964,0.14044764336151416,0.24885402187384548
LLaVA-Critic,mathvista,Vision-Heavy,790,9,0.9088607594936708,3.3438928607143934,0.9746835443037974,3.643037974683544,0.4120310919867986,0.16402678482140165,0.24800430716539695
LLaVA-Critic,mathvista,Vision-Heavy,790,10,0.8911392405063291,3.3637058206751376,0.9746835443037974,3.6860759493670887,0.3654099937331914,0.1590735448312156,0.20633644890197578
LLaVA-Critic,mind2web,Knowledge/Web,398,1,0.9447236180904522,2.869559111307614,0.9899497487437185,3.472361809045226,0.3661787384409809,0.2826102221730965,0.08356851626788442
LLaVA-Critic,mind2web,Knowledge/Web,398,2,0.9748743718592965,3.26250787715816,0.9949748743718593,3.7437185929648242,0.3032710104435602,0.18437303071045996,0.11889797973310023
LLaVA-Critic,mind2web,Knowledge/Web,398,3,0.7688442211055276,1.9900150454823096,0.949748743718593,2.7185929648241207,0.28460302408875426,0.5024962386294226,-0.21789321454066835
LLaVA-Critic,mind2web,Knowledge/Web,398,4,0.8542713567839196,2.5235420273776032,0.949748743718593,3.150753768844221,0.30417255576270524,0.3691144931555992,-0.06494193739289394
LLaVA-Critic,mind2web,Knowledge/Web,398,5,0.9095477386934674,2.670597218388888,0.9849246231155779,3.2311557788944723,0.24905924304682178,0.33235069540277795,-0.08329145235595617
LLaVA-Critic,mind2web,Knowledge/Web,398,6,0.9095477386934674,2.861665712529091,1.0,3.4321608040201004,0.3034289606854428,0.2845835718677272,0.01884538881771558
LLaVA-Critic,mind2web,Knowledge/Web,398,7,0.8944723618090452,2.6472968941357866,0.9949748743718593,3.2110552763819094,0.19266317184505874,0.33817577646605335,-0.1455126046209946
LLaVA-Critic,mind2web,Knowledge/Web,398,8,0.8693467336683417,2.3578367065544703,0.9899497487437185,3.0150753768844223,0.25993725346396623,0.4105408233613824,-0.1506035698974162
LLaVA-Critic,mind2web,Knowledge/Web,398,9,0.8341708542713567,2.5014900430363025,0.964824120603015,3.14070351758794,0.26292187466157874,0.37462748924092437,-0.11170561457934564
LLaVA-Critic,mind2web,Knowledge/Web,398,10,0.8743718592964824,2.800356796039409,0.9798994974874372,3.351758793969849,0.26023959569962424,0.2999108009901478,-0.03967120529052354
LLaVA-Critic,mm-vet,General VQA,258,1,0.813953488372093,2.3531545262004054,0.937984496124031,2.875968992248062,0.23605064424840125,0.41171136844989864,-0.1756607242014974
LLaVA-Critic,mm-vet,General VQA,258,2,0.9457364341085271,3.655848580737447,0.9844961240310077,3.86046511627907,0.278992083930576,0.0860378548156383,0.1929542291149377
LLaVA-Critic,mm-vet,General VQA,258,3,0.875968992248062,2.274459343547969,0.9302325581395349,2.7829457364341086,0.40289381831571464,0.43138516411300776,-0.02849134579729312
LLaVA-Critic,mm-vet,General VQA,258,4,0.9224806201550387,2.911608257959055,0.9612403100775194,3.434108527131783,0.2605678312905296,0.2720979355102362,-0.011530104219706627
LLaVA-Critic,mm-vet,General VQA,258,5,0.937984496124031,3.5198598536410075,0.9844961240310077,3.7751937984496124,0.20658315158950064,0.12003503658974812,0.08654811499975251
LLaVA-Critic,mm-vet,General VQA,258,6,0.937984496124031,3.562949311825656,1.0,3.875968992248062,0.3849637753921585,0.10926267204358597,0.2757011033485725
LLaVA-Critic,mm-vet,General VQA,258,7,0.8682170542635659,2.527834097544352,0.9534883720930233,3.0930232558139537,0.06962095844327114,0.368041475613912,-0.29842051717064083
LLaVA-Critic,mm-vet,General VQA,258,8,0.9224806201550387,3.0433067018671554,0.9922480620155039,3.5348837209302326,0.23105881622637167,0.23917332453321116,-0.00811450830683949
LLaVA-Critic,mm-vet,General VQA,258,9,0.9224806201550387,3.7544170978457427,0.9922480620155039,3.953488372093023,0.27126204706936224,0.061395725538564316,0.20986632153079793
LLaVA-Critic,mm-vet,General VQA,258,10,0.937984496124031,3.1376603647719983,0.9767441860465116,3.62015503875969,0.20913120826267964,0.21558490880700043,-0.0064537005443207895
LLaVA-Critic,textVQA,Vision-Heavy,399,1,0.9,3.2330987572669985,0.97,3.655,0.2928739804444836,0.19172531068325038,0.10114866976123321
LLaVA-Critic,textVQA,Vision-Heavy,399,2,0.9,2.951715127825737,0.99,3.41,0.4229808156260828,0.2620712180435657,0.1609095975825171
LLaVA-Critic,textVQA,Vision-Heavy,399,3,0.915,2.9691948217153548,0.965,3.47,0.41210326333955355,0.2577012945711613,0.15440196876839224
LLaVA-Critic,textVQA,Vision-Heavy,399,4,0.905,3.057325528264046,0.95,3.45,0.4561906224389561,0.23566861793398852,0.22052200450496756
LLaVA-Critic,textVQA,Vision-Heavy,399,5,0.86,3.0349208974838255,0.97,3.485,0.38937721852770807,0.24126977562904361,0.14810744289866445
LLaVA-Critic,textVQA,Vision-Heavy,399,6,0.885,3.033638823032379,0.965,3.435,0.3142726776682512,0.24159029424190526,0.07268238342634592
LLaVA-Critic,textVQA,Vision-Heavy,399,7,0.795,2.2182629162073138,0.905,2.905,0.4093423305885806,0.44543427094817156,-0.03609194035959096
LLaVA-Critic,textVQA,Vision-Heavy,399,8,0.84,2.6940146762132646,0.945,3.16,0.3053632789374719,0.32649633094668384,-0.02113305200921195
LLaVA-Critic,textVQA,Vision-Heavy,399,9,0.9,2.9339138466119765,0.965,3.395,0.3639153823665305,0.26652153834700587,0.09739384401952461
LLaVA-Critic,textVQA,Vision-Heavy,399,10,0.835,2.6561536705493927,0.985,3.175,0.41971931530120626,0.33596158236265183,0.08375773293855443
Phi-4,AesBench,Aesthetics/AI,392,1,0.9438775510204082,2.140692257759522,0.9846938775510204,2.7091836734693877,0.40216369990721484,0.46482693556011945,-0.0626632356529046
Phi-4,AesBench,Aesthetics/AI,392,2,0.8520408163265306,1.8620467842841635,0.9642857142857143,2.4693877551020407,0.42755490622395564,0.5344883039289592,-0.10693339770500354
Phi-4,AesBench,Aesthetics/AI,392,3,0.8673469387755102,1.9176790811577622,0.9744897959183674,2.5306122448979593,0.35116275551412307,0.5205802297105595,-0.16941747419643644
Phi-4,AesBench,Aesthetics/AI,392,4,0.8979591836734694,1.9810170604258168,0.9795918367346939,2.5816326530612246,0.36628023984884267,0.5047457348935458,-0.13846549504470312
Phi-4,AesBench,Aesthetics/AI,392,5,0.9336734693877551,2.206603036851299,0.9897959183673469,2.760204081632653,0.43869216579096015,0.4483492407871752,-0.009657074996215043
Phi-4,AesBench,Aesthetics/AI,392,6,0.7959183673469388,1.836517726888462,0.9744897959183674,2.510204081632653,0.3402632900415132,0.5408705682778845,-0.2006072782363713
Phi-4,AesBench,Aesthetics/AI,392,7,0.8775510204081632,1.8176106214523315,0.9897959183673469,2.5969387755102042,0.4237362059139225,0.5455973446369171,-0.12186113872299459
Phi-4,AesBench,Aesthetics/AI,392,8,0.8622448979591837,1.7303862851493212,0.9744897959183674,2.5357142857142856,0.378116241537116,0.5674034287126697,-0.1892871871755537
Phi-4,AesBench,Aesthetics/AI,392,9,0.8724489795918368,1.9988943788470055,0.9795918367346939,2.6377551020408165,0.3405606149696003,0.5002764052882487,-0.1597157903186484
Phi-4,AesBench,Aesthetics/AI,392,10,0.7551020408163265,1.0422912313013661,0.9642857142857143,2.25,0.36632292190238086,0.7394271921746585,-0.3731042702722776
Phi-4,ChartQA,Vision-Heavy,400,1,0.835,3.24340715110302,0.925,3.645,0.1944046248496372,0.18914821222424505,0.005256412625392143
Phi-4,ChartQA,Vision-Heavy,400,2,0.905,3.64715586066246,0.985,3.92,0.3112247409164713,0.08821103483438497,0.22301370608208632
Phi-4,ChartQA,Vision-Heavy,400,3,0.9,3.800118479728699,0.995,3.965,0.2972209113568,0.04997038006782528,0.24725053128897473
Phi-4,ChartQA,Vision-Heavy,400,4,0.915,3.6615333008766173,0.98,3.88,0.23199166279197866,0.08461667478084567,0.147374988011133
Phi-4,ChartQA,Vision-Heavy,400,5,0.915,3.8367469280958177,0.985,3.965,0.22966679771701073,0.040813267976045564,0.18885352974096517
Phi-4,ChartQA,Vision-Heavy,400,6,0.905,3.6565396052598955,0.965,3.855,0.21633423981418753,0.08586509868502612,0.13046914112916141
Phi-4,ChartQA,Vision-Heavy,400,7,0.78,3.112467501759529,0.94,3.5,0.3003707491469298,0.22188312456011772,0.07848762458681208
Phi-4,ChartQA,Vision-Heavy,400,8,0.88,3.5304851120710374,0.955,3.755,0.09690188852680501,0.11737872198224064,-0.020476833455435633
Phi-4,ChartQA,Vision-Heavy,400,9,0.95,3.8661577492952346,0.99,3.935,0.1947682719451401,0.03346056267619135,0.16130770926894875
Phi-4,ChartQA,Vision-Heavy,400,10,0.93,3.583195536136627,0.985,3.87,0.2208096467172157,0.10420111596584325,0.11660853075137245
Phi-4,Concept Caption,Knowledge/Web,398,1,0.9346733668341709,3.0530571206730213,0.9949748743718593,3.6532663316582914,0.2817845360290417,0.23673571983174468,0.045048816197297004
Phi-4,Concept Caption,Knowledge/Web,398,2,0.8743718592964824,2.50448880602966,0.9899497487437185,3.391959798994975,0.3300837913124474,0.37387779849258496,-0.04379400718013754
Phi-4,Concept Caption,Knowledge/Web,398,3,0.9045226130653267,2.694184565663937,0.9949748743718593,3.6884422110552766,0.31580661625025575,0.32645385858401577,-0.01064724233376002
Phi-4,Concept Caption,Knowledge/Web,398,4,0.8241206030150754,2.1703163229640405,0.964824120603015,3.050251256281407,0.23609310647742068,0.45742091925898987,-0.22132781278156918
Phi-4,Concept Caption,Knowledge/Web,398,5,0.9346733668341709,2.847673972048352,0.9849246231155779,3.6532663316582914,0.2933756214962693,0.288081506987912,0.005294114508357262
Phi-4,Concept Caption,Knowledge/Web,398,6,0.9246231155778895,2.7533578698958583,0.9899497487437185,3.4623115577889445,0.3030061423466196,0.3116605325260354,-0.008654390179415827
Phi-4,Concept Caption,Knowledge/Web,398,7,0.914572864321608,2.5133221556792904,0.9899497487437185,3.562814070351759,0.34871445789933586,0.3716694610801774,-0.022955003180841538
Phi-4,Concept Caption,Knowledge/Web,398,8,0.8844221105527639,2.668023606041568,0.9849246231155779,3.542713567839196,0.2644437737185119,0.33299409848960804,-0.06855032477109613
Phi-4,Concept Caption,Knowledge/Web,398,9,0.8944723618090452,2.940451727440609,0.9949748743718593,3.678391959798995,0.24118904899417817,0.26488706813984775,-0.023698019145669574
Phi-4,Concept Caption,Knowledge/Web,398,10,0.8592964824120602,2.4946730316583836,0.9597989949748744,2.9145728643216082,0.33353651243284926,0.3763317420854041,-0.042795229652554834
Phi-4,ScienceQA,Vision-Heavy,396,1,0.8585858585858586,3.0238296943481524,0.9191919191919192,3.5303030303030303,0.31155300772516126,0.2440425764129619,0.06751043131219936
Phi-4,ScienceQA,Vision-Heavy,396,2,0.8636363636363636,3.1510378321011863,0.9545454545454546,3.6515151515151514,0.27232249282919024,0.21224054197470343,0.06008195085448681
Phi-4,ScienceQA,Vision-Heavy,396,3,0.8787878787878788,3.1123705584593493,0.9393939393939394,3.5656565656565657,0.311095602671454,0.22190736038516268,0.0891882422862913
Phi-4,ScienceQA,Vision-Heavy,396,4,0.8686868686868687,3.108133731466351,0.9545454545454546,3.5757575757575757,0.326925563283154,0.22296656713341223,0.10395899614974174
Phi-4,ScienceQA,Vision-Heavy,396,5,0.8737373737373737,3.223429425196214,0.9444444444444444,3.6616161616161618,0.3479913351397015,0.19414264370094647,0.15384869143875501
Phi-4,ScienceQA,Vision-Heavy,396,6,0.9090909090909091,3.2625268739883344,0.9696969696969697,3.6414141414141414,0.3699700661598539,0.1843682815029164,0.1856017846569375
Phi-4,ScienceQA,Vision-Heavy,396,7,0.9797979797979798,3.730112414167385,0.9949494949494949,3.8535353535353534,0.3484610208102705,0.06747189645815377,0.28098912435211676
Phi-4,ScienceQA,Vision-Heavy,396,8,0.898989898989899,3.5655135241421787,0.9646464646464646,3.8181818181818183,0.24437976520024338,0.10862161896445532,0.13575814623578805
Phi-4,ScienceQA,Vision-Heavy,396,9,0.9646464646464646,3.7246240967451922,0.9949494949494949,3.888888888888889,0.3314595728366413,0.06884397581370194,0.26261559702293935
Phi-4,ScienceQA,Vision-Heavy,396,10,0.9444444444444444,3.742703024185065,0.9949494949494949,3.9343434343434343,0.2487701445472852,0.0643242439537337,0.18444590059355148
Phi-4,VisitBench,General VQA,397,1,0.8140703517587939,2.5880909433316943,0.964824120603015,3.271356783919598,0.27879595275088015,0.3529772641670764,-0.07418131141619627
Phi-4,VisitBench,General VQA,397,2,0.8391959798994975,2.802993734877313,0.9698492462311558,3.3969849246231156,0.2955689871198138,0.29925156628067173,-0.0036825791608579572
Phi-4,VisitBench,General VQA,397,3,0.9246231155778895,3.3847073945567834,0.9949748743718593,3.778894472361809,0.3752626903704651,0.15382315136080416,0.22143953900966096
Phi-4,VisitBench,General VQA,397,4,0.8241206030150754,2.647092637105204,0.9698492462311558,3.321608040201005,0.3037835397607237,0.338226840723699,-0.03444330096297532
Phi-4,VisitBench,General VQA,397,5,0.8241206030150754,2.6123695373535156,0.9547738693467337,3.2663316582914574,0.32495206489945383,0.3469076156616211,-0.021955550762167264
Phi-4,VisitBench,General VQA,397,6,0.9447236180904522,3.4030168284123867,0.9798994974874372,3.7688442211055277,0.3223975920504305,0.14924579289690332,0.17315179915352719
Phi-4,VisitBench,General VQA,397,7,0.8793969849246231,2.989582753061649,0.9698492462311558,3.5175879396984926,0.3027600515041572,0.25260431173458775,0.05015573976956944
Phi-4,VisitBench,General VQA,397,8,0.8994974874371859,2.9074834746931066,0.9547738693467337,3.4673366834170856,0.24131870242322195,0.27312913132672334,-0.031810428903501387
Phi-4,VisitBench,General VQA,397,9,0.7688442211055276,2.4187343701645356,0.9547738693467337,3.1959798994974875,0.282238862175103,0.3953164074588661,-0.11307754528376307
Phi-4,VisitBench,General VQA,397,10,0.8341708542713567,2.8997851226797056,0.9798994974874372,3.557788944723618,0.30726943792091455,0.2750537193300736,0.032215718590840936
Phi-4,WIT,Knowledge/Web,399,1,0.905,2.3238130050897596,0.985,3.035,0.3283555814235039,0.4190467487275601,-0.09069116730405619
Phi-4,WIT,Knowledge/Web,399,2,0.88,2.611950560212135,0.98,3.335,0.44228832994485884,0.3470123599469662,0.09527596999789262
Phi-4,WIT,Knowledge/Web,399,3,0.955,2.888512450456619,1.0,3.63,0.4017877092227784,0.27787188738584523,0.12391582183693317
Phi-4,WIT,Knowledge/Web,399,4,0.91,2.5908852583169937,0.985,3.35,0.5346092456977171,0.3522786854207516,0.18233056027696548
Phi-4,WIT,Knowledge/Web,399,5,0.945,2.731971591114998,0.99,3.34,0.41734963739866876,0.3170071022212505,0.10034253517741826
Phi-4,WIT,Knowledge/Web,399,6,0.95,2.9622472113370897,1.0,3.615,0.3747274519672746,0.2594381971657276,0.115289254801547
Phi-4,WIT,Knowledge/Web,399,7,0.965,2.761598552465439,1.0,3.515,0.3779247858186218,0.30960036188364026,0.06832442393498156
Phi-4,WIT,Knowledge/Web,399,8,0.765,1.566748287677765,0.975,2.6,0.3634389090863906,0.6083129280805588,-0.24487401899416822
Phi-4,WIT,Knowledge/Web,399,9,0.975,2.898283714056015,1.0,3.675,0.3921659773157089,0.27542907148599627,0.11673690582971263
Phi-4,WIT,Knowledge/Web,399,10,0.91,2.672287949323654,0.98,3.14,0.3571150069095108,0.33192801266908645,0.025186994240424365
Phi-4,coco,General VQA,397,1,0.9246231155778895,2.825525694157011,0.9698492462311558,3.3618090452261304,0.2120903275174377,0.2936185764607473,-0.0815282489433096
Phi-4,coco,General VQA,397,2,0.8241206030150754,2.3632595317447604,0.9798994974874372,2.8844221105527637,0.25269354860347715,0.4091851170638099,-0.15649156846033274
Phi-4,coco,General VQA,397,3,0.9346733668341709,3.119453546988904,0.9949748743718593,3.613065326633166,0.19903292342803125,0.220136613252774,-0.021103689824742755
Phi-4,coco,General VQA,397,4,0.8140703517587939,2.3083243699529064,0.964824120603015,2.959798994974874,0.24801499122405554,0.4229189075117734,-0.17490391628771787
Phi-4,coco,General VQA,397,5,0.864321608040201,2.4145889084542818,0.9798994974874372,3.1155778894472363,0.050643998543094926,0.39635277288642956,-0.34570877434333463
Phi-4,coco,General VQA,397,6,0.9346733668341709,3.1047310278044273,0.9899497487437185,3.6381909547738696,0.20838702921749783,0.22381724304889317,-0.01543021383139534
Phi-4,coco,General VQA,397,7,0.914572864321608,2.9607726437362594,0.9899497487437185,3.336683417085427,0.39672328727747574,0.25980683906593516,0.1369164482115406
Phi-4,coco,General VQA,397,8,0.8944723618090452,2.3973718084881654,0.9748743718592965,3.0954773869346734,0.3547295828887063,0.40065704787795864,-0.04592746498925232
Phi-4,coco,General VQA,397,9,0.8542713567839196,2.3175309932411614,0.9547738693467337,2.909547738693467,0.17211627972776852,0.42061725168970965,-0.24850097196194113
Phi-4,coco,General VQA,397,10,0.949748743718593,3.0887148272452043,1.0,3.562814070351759,0.30575633073800335,0.22782129318869893,0.07793503754930442
Phi-4,diffusiondb,Aesthetics/AI,299,1,0.8666666666666667,3.0251280363400777,0.9933333333333333,3.72,0.274212082252262,0.2437179909149806,0.030494091337281426
Phi-4,diffusiondb,Aesthetics/AI,299,2,0.8866666666666667,2.8726170587539674,0.9933333333333333,3.8133333333333335,0.29329962267546766,0.28184573531150814,0.011453887363959525
Phi-4,diffusiondb,Aesthetics/AI,299,3,0.8,2.882621504465739,0.9533333333333334,3.6666666666666665,0.23743847558044903,0.2793446238835653,-0.04190614830311626
Phi-4,diffusiondb,Aesthetics/AI,299,4,0.8133333333333334,2.7149901405970254,0.96,3.6866666666666665,0.25541987494843504,0.32125246485074366,-0.06583258990230861
Phi-4,diffusiondb,Aesthetics/AI,299,5,0.96,3.848562581539154,0.9666666666666667,3.933333333333333,0.3320879061462065,0.037859354615211505,0.294228551530995
Phi-4,diffusiondb,Aesthetics/AI,299,6,0.7866666666666666,2.265814170837402,0.98,3.453333333333333,0.2042085724568003,0.43354645729064945,-0.22933788483384915
Phi-4,diffusiondb,Aesthetics/AI,299,7,0.92,3.468802576859792,1.0,3.973333333333333,0.27157495014168137,0.13279935578505198,0.1387755943566294
Phi-4,diffusiondb,Aesthetics/AI,299,8,0.9533333333333334,3.631766022046407,1.0,3.8933333333333335,0.2320598928293631,0.0920584944883982,0.1400013983409649
Phi-4,diffusiondb,Aesthetics/AI,299,9,0.7933333333333333,2.6765527534484863,0.98,3.52,0.21306938282456692,0.3308618116378784,-0.1177924288133115
Phi-4,diffusiondb,Aesthetics/AI,299,10,0.9733333333333334,3.5426941386858624,1.0,3.9266666666666667,0.23429193394762426,0.11432646532853441,0.11996546861908985
Phi-4,infographicsVQA,Vision-Heavy,398,1,0.8492462311557789,3.3629559518104823,0.964824120603015,3.71356783919598,0.14381727160523386,0.1592610120473794,-0.015443740442145554
Phi-4,infographicsVQA,Vision-Heavy,398,2,0.8341708542713567,3.395303712418331,0.9698492462311558,3.7185929648241207,0.16036775658201807,0.1511740718954172,0.009193684686600867
Phi-4,infographicsVQA,Vision-Heavy,398,3,0.7788944723618091,3.278364791942002,0.9346733668341709,3.6331658291457285,0.16774845473312255,0.1804088020144995,-0.012660347281376938
Phi-4,infographicsVQA,Vision-Heavy,398,4,0.8743718592964824,3.5960460619710797,0.9798994974874372,3.8944723618090453,0.1778527822184777,0.10098848450723008,0.07686429771124761
Phi-4,infographicsVQA,Vision-Heavy,398,5,0.9045226130653267,3.6815690347297707,0.9798994974874372,3.909547738693467,0.1672561533436711,0.07960774131755732,0.08764841202611379
Phi-4,infographicsVQA,Vision-Heavy,398,6,0.8442211055276382,3.5136377422054808,0.9698492462311558,3.8391959798994977,0.07122797996767775,0.12159056444862981,-0.05036258448095206
Phi-4,infographicsVQA,Vision-Heavy,398,7,0.914572864321608,3.858412355034795,0.9949748743718593,3.9748743718592965,0.20723068771260378,0.03539691124130129,0.1718337764713025
Phi-4,infographicsVQA,Vision-Heavy,398,8,0.7688442211055276,3.1748739828416452,0.9195979899497487,3.6231155778894473,0.20017599521734555,0.2062815042895887,-0.006105509072243137
Phi-4,infographicsVQA,Vision-Heavy,398,9,0.8844221105527639,3.5520047057214095,0.9798994974874372,3.85929648241206,0.194310225340138,0.11199882356964763,0.08231140177049037
Phi-4,infographicsVQA,Vision-Heavy,398,10,0.8341708542713567,3.329200670347741,0.9447236180904522,3.748743718592965,0.07028241847507416,0.16769983241306474,-0.09741741393799058
Phi-4,llava_bench,General VQA,396,1,0.8838383838383839,2.755637227284788,0.9797979797979798,3.54040404040404,0.12473984778963933,0.311090693178803,-0.1863508453891637
Phi-4,llava_bench,General VQA,396,2,0.898989898989899,3.1807772980795965,0.9848484848484849,3.792929292929293,0.11500573417551778,0.20480567548010087,-0.08979994130458309
Phi-4,llava_bench,General VQA,396,3,0.8535353535353535,2.837298272836088,0.9797979797979798,3.51010101010101,0.09143868174073475,0.290675431790978,-0.19923675005024324
Phi-4,llava_bench,General VQA,396,4,0.9292929292929293,3.3982843112463903,1.0,3.904040404040404,0.22309308621148058,0.15042892218840243,0.07266416402307815
Phi-4,llava_bench,General VQA,396,5,0.9141414141414141,3.1248883081204966,0.98989898989899,3.813131313131313,0.13005867728881412,0.21877792296987586,-0.08871924568106174
Phi-4,llava_bench,General VQA,396,6,0.8737373737373737,2.982022260174607,0.9696969696969697,3.590909090909091,0.24466279263262972,0.25449443495634827,-0.009831642323718554
Phi-4,llava_bench,General VQA,396,7,0.7777777777777778,2.617554733247468,0.9494949494949495,3.287878787878788,0.09863813227403419,0.34561131668813305,-0.24697318441409888
Phi-4,llava_bench,General VQA,396,8,0.7626262626262627,2.3689547777175903,0.9444444444444444,3.1464646464646466,0.15806337536854376,0.4077613055706024,-0.24969793020205866
Phi-4,llava_bench,General VQA,396,9,0.9393939393939394,3.5225318020040337,1.0,3.994949494949495,0.185380998292003,0.11936704949899157,0.06601394879301142
Phi-4,llava_bench,General VQA,396,10,0.8939393939393939,3.201746207295042,0.98989898989899,3.7676767676767677,0.18430106222708748,0.1995634481762395,-0.015262385949152024
Phi-4,mathvista,Vision-Heavy,790,1,0.9392405063291139,3.63428560118132,0.9974683544303797,3.8329113924050633,0.32303877162964045,0.09142859970466999,0.23161017192497046
Phi-4,mathvista,Vision-Heavy,790,2,0.8658227848101265,3.270916155923771,0.9696202531645569,3.640506329113924,0.3446597733837454,0.18227096101905726,0.16238881236468816
Phi-4,mathvista,Vision-Heavy,790,3,0.8810126582278481,3.172930096070978,0.9873417721518988,3.6455696202531644,0.36312874467013606,0.20676747598225553,0.15636126868788053
Phi-4,mathvista,Vision-Heavy,790,4,0.8835443037974684,3.44496123579484,0.9822784810126582,3.7949367088607593,0.31342763003108987,0.13875969105129005,0.17466793897979982
Phi-4,mathvista,Vision-Heavy,790,5,0.850632911392405,3.2303853086278407,0.9873417721518988,3.7189873417721517,0.34665796440865587,0.19240367284303983,0.15425429156561604
Phi-4,mathvista,Vision-Heavy,790,6,0.660759493670886,3.5575042661232286,0.9974683544303797,3.8430379746835444,0.30304460308068115,0.11062393346919286,0.1924206696114883
Phi-4,mathvista,Vision-Heavy,790,7,0.9443037974683545,3.7039426320715796,1.0,3.908860759493671,0.3582249678889382,0.0740143419821051,0.2842106259068331
Phi-4,mathvista,Vision-Heavy,790,8,0.9569620253164557,3.6535268717174287,0.9898734177215189,3.850632911392405,0.3411610098356189,0.08661828207064282,0.2545427277649761
Phi-4,mathvista,Vision-Heavy,790,9,0.9012658227848102,3.2780430135847647,0.9924050632911392,3.668354430379747,0.42452305873716956,0.18048924660380883,0.24403381213336073
Phi-4,mathvista,Vision-Heavy,790,10,0.9518987341772152,3.6818981783299507,0.9924050632911392,3.90126582278481,0.3483608617523477,0.07952545541751233,0.2688354063348354
Phi-4,mind2web,Knowledge/Web,398,1,0.9045226130653267,3.1129294807587438,0.949748743718593,3.6331658291457285,0.27846826643449035,0.22176762981031406,0.05670063662417629
Phi-4,mind2web,Knowledge/Web,398,2,0.8492462311557789,2.5891589818887377,0.9798994974874372,3.0954773869346734,0.2113726437221961,0.35271025452781557,-0.14133761080561946
Phi-4,mind2web,Knowledge/Web,398,3,0.9296482412060302,3.011559646932324,0.9849246231155779,3.5376884422110555,0.22268025272824704,0.24711008826691905,-0.024429835538672007
Phi-4,mind2web,Knowledge/Web,398,4,0.8442211055276382,2.525761358702003,0.9597989949748744,3.1055276381909547,0.2816403087917051,0.36855966032449927,-0.08691935153279418
Phi-4,mind2web,Knowledge/Web,398,5,0.9045226130653267,2.8796784272745026,0.9698492462311558,3.391959798994975,0.1801593954370091,0.28008039318137434,-0.09992099774436525
Phi-4,mind2web,Knowledge/Web,398,6,0.8693467336683417,2.487581332724298,0.964824120603015,3.201005025125628,0.2100501449981693,0.3781046668189255,-0.16805452182075623
Phi-4,mind2web,Knowledge/Web,398,7,0.9698492462311558,3.4712326089341436,0.9949748743718593,3.8944723618090453,0.1320402967284665,0.1321918477664641,-0.00015155103799757708
Phi-4,mind2web,Knowledge/Web,398,8,0.8592964824120602,2.5878676056262835,0.9949748743718593,3.1457286432160805,0.24662304198155066,0.35303309859342913,-0.10641005661187847
Phi-4,mind2web,Knowledge/Web,398,9,0.9447236180904522,2.9755128112869644,0.9798994974874372,3.5025125628140703,0.31743635037586165,0.2561217971782589,0.06131455319760276
Phi-4,mind2web,Knowledge/Web,398,10,0.9045226130653267,2.797226224712391,0.9798994974874372,3.271356783919598,0.23438508299728256,0.3006934438219022,-0.06630836082461966
Phi-4,mm-vet,General VQA,258,1,0.6356589147286822,1.0164210094037907,0.8294573643410853,1.813953488372093,0.2874402774552055,0.7458947476490523,-0.4584544701938468
Phi-4,mm-vet,General VQA,258,2,0.8682170542635659,2.5107717939125473,0.9224806201550387,2.937984496124031,0.3248555887187333,0.37230705152186316,-0.04745146280312984
Phi-4,mm-vet,General VQA,258,3,0.8604651162790697,1.9969344009724699,0.9069767441860465,2.62015503875969,0.2501467105921994,0.5007663997568825,-0.25061968916468313
Phi-4,mm-vet,General VQA,258,4,0.8837209302325582,2.5838510602019555,0.9302325581395349,2.9844961240310077,0.235985869884067,0.3540372349495111,-0.11805136506544411
Phi-4,mm-vet,General VQA,258,5,0.8604651162790697,2.3929907369983288,0.9302325581395349,2.9767441860465116,0.18966361049297872,0.4017523157504178,-0.2120887052574391
Phi-4,mm-vet,General VQA,258,6,0.8062015503875969,2.0065549510393956,0.8992248062015504,2.643410852713178,0.3192529187261688,0.4983612622401511,-0.1791083435139823
Phi-4,mm-vet,General VQA,258,7,0.8837209302325582,2.546697823576225,0.9534883720930233,3.0697674418604652,0.25609952812650694,0.36332554410594375,-0.10722601597943682
Phi-4,mm-vet,General VQA,258,8,0.875968992248062,2.2692050176073413,0.937984496124031,2.891472868217054,0.3824455711585485,0.4326987455981647,-0.05025317443961619
Phi-4,mm-vet,General VQA,258,9,0.8682170542635659,2.7136400817900665,0.9534883720930233,3.124031007751938,0.24080591353715636,0.32158997955248336,-0.080784066015327
Phi-4,mm-vet,General VQA,258,10,0.9612403100775194,3.79572056799896,0.9767441860465116,3.883720930232558,0.2984745230552222,0.05106985800025998,0.24740466505496223
Phi-4,textVQA,Vision-Heavy,399,1,0.75,2.443419713973999,0.9,3.04,0.19575063943584672,0.38914507150650024,-0.19339443207065352
Phi-4,textVQA,Vision-Heavy,399,2,0.89,3.0140626400709154,0.955,3.39,0.2379931187092253,0.24648433998227115,-0.008491221273045857
Phi-4,textVQA,Vision-Heavy,399,3,0.76,2.214969265460968,0.89,2.91,0.24265130598660098,0.44625768363475804,-0.20360637764815706
Phi-4,textVQA,Vision-Heavy,399,4,0.875,3.139135380983353,0.94,3.45,0.2055841432640252,0.21521615475416178,-0.009632011490136594
Phi-4,textVQA,Vision-Heavy,399,5,0.865,3.095374748110771,0.975,3.515,0.29393519533476825,0.2261563129723072,0.06777888236246105
Phi-4,textVQA,Vision-Heavy,399,6,0.935,3.54204299390316,0.985,3.82,0.21678647736771856,0.11448925152420997,0.10229722584350859
Phi-4,textVQA,Vision-Heavy,399,7,0.825,2.8010193902254104,0.93,3.335,0.2260035755088198,0.2997451524436474,-0.07374157693482761
Phi-4,textVQA,Vision-Heavy,399,8,0.85,3.354705476164818,0.95,3.655,0.2149023957857772,0.16132363095879554,0.05357876482698165
Phi-4,textVQA,Vision-Heavy,399,9,0.845,2.825327675938606,0.95,3.42,0.18646466261290845,0.29366808101534847,-0.10720341840244002
Phi-4,textVQA,Vision-Heavy,399,10,0.85,2.838631126880646,0.925,3.28,0.30002305651601063,0.2903422182798385,0.009680838236172107
Gemini,AesBench,Aesthetics/AI,392,1,0.9693877551020408,2.502490771668298,0.9948979591836735,3.163265306122449,0.3268204363156803,0.3743773070829255,-0.047556870767245185
Gemini,AesBench,Aesthetics/AI,392,2,0.8316326530612245,1.9134074315732839,0.9591836734693877,2.6530612244897958,0.2524315051823391,0.521648142106679,-0.2692166369243399
Gemini,AesBench,Aesthetics/AI,392,3,0.8622448979591837,2.078408495504029,0.9591836734693877,2.7806122448979593,0.22153530678294367,0.48039787612399276,-0.2588625693410491
Gemini,AesBench,Aesthetics/AI,392,4,0.8826530612244898,2.144465003694807,0.9846938775510204,2.704081632653061,0.2233637268584388,0.46388374907629826,-0.24052002221785945
Gemini,AesBench,Aesthetics/AI,392,5,0.9030612244897959,1.8901314771905238,0.9744897959183674,2.6377551020408165,0.2524083393012108,0.5274671307023691,-0.27505879140115824
Gemini,AesBench,Aesthetics/AI,392,6,0.8469387755102041,2.1986548487021,0.9897959183673469,2.9030612244897958,0.3061697134921814,0.450336287824475,-0.14416657433229357
Gemini,AesBench,Aesthetics/AI,392,7,0.9132653061224489,2.1598629963641263,0.9744897959183674,2.826530612244898,0.23294704224819363,0.46003425090896843,-0.2270872086607748
Gemini,AesBench,Aesthetics/AI,392,8,0.9387755102040817,2.585968999230132,0.9846938775510204,3.0816326530612246,0.2853203860786512,0.35350775019246705,-0.06818736411381587
Gemini,AesBench,Aesthetics/AI,392,9,0.8928571428571429,2.3092892997118892,0.9897959183673469,2.693877551020408,0.29586768156279847,0.4226776750720277,-0.12680999350922922
Gemini,AesBench,Aesthetics/AI,392,10,0.8979591836734694,2.1439170265684324,0.9795918367346939,2.7244897959183674,0.2662611813945805,0.4640207433578919,-0.1977595619633114
Gemini,ChartQA,Vision-Heavy,400,1,0.925,3.3243292844295502,0.97,3.67,0.4612477266642475,0.16891767889261244,0.29233004777163507
Gemini,ChartQA,Vision-Heavy,400,2,0.84,2.5641555893421173,0.93,3.135,0.5194530312202104,0.3589611026644707,0.16049192855573968
Gemini,ChartQA,Vision-Heavy,400,3,0.88,3.293519434928894,0.975,3.67,0.5174634026716337,0.17662014126777648,0.34084326140385723
Gemini,ChartQA,Vision-Heavy,400,4,0.87,2.893508844971657,0.94,3.37,0.5278502870378539,0.2766227887570858,0.25122749828076807
Gemini,ChartQA,Vision-Heavy,400,5,0.875,2.770412195324898,0.965,3.26,0.5112732541875098,0.3073969511687755,0.20387630301873427
Gemini,ChartQA,Vision-Heavy,400,6,0.85,2.693749026656151,0.945,3.23,0.5010245530247954,0.32656274333596225,0.17446180968883318
Gemini,ChartQA,Vision-Heavy,400,7,0.845,2.6383335500955583,0.965,3.18,0.49633151087821675,0.34041661247611044,0.15591489840210632
Gemini,ChartQA,Vision-Heavy,400,8,0.855,2.8756780081987383,0.97,3.34,0.40564896412098794,0.2810804979503154,0.12456846617067252
Gemini,ChartQA,Vision-Heavy,400,9,0.69,1.795739312171936,0.87,2.405,0.4659683608250332,0.551065171957016,-0.08509681113198281
Gemini,ChartQA,Vision-Heavy,400,10,0.97,3.608290860056877,0.99,3.83,0.5108266016184664,0.09792728498578074,0.41289931663268564
Gemini,Concept Caption,Knowledge/Web,398,1,0.864321608040201,2.7240316718067956,0.9849246231155779,3.3969849246231156,0.4298414653450586,0.3189920820483011,0.11084938329675753
Gemini,Concept Caption,Knowledge/Web,398,2,0.9045226130653267,2.8738854027273666,0.9899497487437185,3.562814070351759,0.4856187607275296,0.28152864931815835,0.20409011140937122
Gemini,Concept Caption,Knowledge/Web,398,3,0.8442211055276382,2.3737160752167057,0.9849246231155779,3.2613065326633164,0.4447666684207187,0.4065709811958236,0.038195687224895136
Gemini,Concept Caption,Knowledge/Web,398,4,0.8391959798994975,2.304155899052644,0.9547738693467337,3.14070351758794,0.4171887064661378,0.423961025236839,-0.006772318770701169
Gemini,Concept Caption,Knowledge/Web,398,5,0.964824120603015,3.442486981051651,1.0,3.849246231155779,0.4102734509994539,0.1393782547370872,0.2708951962623667
Gemini,Concept Caption,Knowledge/Web,398,6,0.914572864321608,2.5127084824308077,0.9949748743718593,3.2613065326633164,0.4267992820145294,0.3718228793922981,0.0549764026222313
Gemini,Concept Caption,Knowledge/Web,398,7,0.8844221105527639,2.681988385454494,1.0,3.236180904522613,0.44605694809110624,0.32950290363637647,0.11655404445472978
Gemini,Concept Caption,Knowledge/Web,398,8,0.8994974874371859,2.7905646592528375,0.9798994974874372,3.3316582914572863,0.4325306763076541,0.30235883518679063,0.1301718411208635
Gemini,Concept Caption,Knowledge/Web,398,9,0.9195979899497487,2.8097923365070594,1.0,3.4271356783919598,0.4202999039208986,0.29755191587323515,0.12274798804766346
Gemini,Concept Caption,Knowledge/Web,398,10,0.8190954773869347,2.251053806525379,0.9547738693467337,2.819095477386935,0.4816352763095688,0.4372365483686552,0.044398727940913596
Gemini,ScienceQA,Vision-Heavy,396,1,0.8737373737373737,2.526450900116352,0.9292929292929293,3.090909090909091,0.5469713198170651,0.36838727497091195,0.1785840448461532
Gemini,ScienceQA,Vision-Heavy,396,2,0.8939393939393939,2.697808912306121,0.9444444444444444,3.212121212121212,0.5388687130822356,0.32554777192346973,0.21332094115876588
Gemini,ScienceQA,Vision-Heavy,396,3,0.9343434343434344,3.782718347178565,1.0,3.9797979797979797,0.5140404978544809,0.05432041320535874,0.4597200846491222
Gemini,ScienceQA,Vision-Heavy,396,4,0.9393939393939394,3.331823270730298,0.98989898989899,3.6414141414141414,0.5651459409628053,0.16704418231742546,0.3981017586453799
Gemini,ScienceQA,Vision-Heavy,396,5,0.9696969696969697,3.7530205454489196,0.9949494949494949,3.904040404040404,0.5424367985355092,0.0617448636377701,0.4806919348977391
Gemini,ScienceQA,Vision-Heavy,396,6,0.7626262626262627,2.1137735127198574,0.8888888888888888,2.6313131313131315,0.4295780329248928,0.47155662182003566,-0.04197858889514283
Gemini,ScienceQA,Vision-Heavy,396,7,0.9242424242424242,3.0404501906549086,0.9797979797979798,3.494949494949495,0.5357550266625185,0.23988745233627284,0.29586757432624566
Gemini,ScienceQA,Vision-Heavy,396,8,0.9141414141414141,3.305363579229875,0.9646464646464646,3.611111111111111,0.4886757633478005,0.17365910519253125,0.31501665815526925
Gemini,ScienceQA,Vision-Heavy,396,9,0.8484848484848485,2.2843456111773097,0.9393939393939394,2.898989898989899,0.5523262139829582,0.42891359720567257,0.12341261677728566
Gemini,ScienceQA,Vision-Heavy,396,10,0.8686868686868687,2.6266426570487744,0.9393939393939394,3.1363636363636362,0.5336048812812204,0.3433393357378064,0.19026554554341402
Gemini,VisitBench,General VQA,397,1,0.9246231155778895,2.783230016578981,0.9899497487437185,3.4271356783919598,0.560752245084997,0.30419249585525476,0.25655974922974223
Gemini,VisitBench,General VQA,397,2,0.8140703517587939,2.3199413056349636,0.964824120603015,3.1608040201005023,0.4953115290562948,0.4200146735912591,0.07529685546503567
Gemini,VisitBench,General VQA,397,3,0.8944723618090452,2.865275561510019,0.9849246231155779,3.4271356783919598,0.6003853535326644,0.28368110962249526,0.31670424391016916
Gemini,VisitBench,General VQA,397,4,0.9346733668341709,2.854626271592912,0.9748743718592965,3.437185929648241,0.5998283627645054,0.28634343210177204,0.3134849306627333
Gemini,VisitBench,General VQA,397,5,0.9195979899497487,2.770147204399109,0.9899497487437185,3.5175879396984926,0.5001522382621797,0.3074631989002228,0.19268903936195692
Gemini,VisitBench,General VQA,397,6,0.9447236180904522,3.3078782965789486,0.9949748743718593,3.6381909547738696,0.5003836168378399,0.17303042585526285,0.3273531909825771
Gemini,VisitBench,General VQA,397,7,0.8894472361809045,2.5817201065657724,0.9597989949748744,3.306532663316583,0.5724460830576448,0.3545699733585569,0.21787610969908788
Gemini,VisitBench,General VQA,397,8,0.8391959798994975,2.416084669942233,0.9748743718592965,3.1155778894472363,0.4666609964449638,0.39597883251444177,0.07068216393052201
Gemini,VisitBench,General VQA,397,9,0.7487437185929648,1.8456311028207366,0.9346733668341709,2.6381909547738696,0.5096651731484236,0.5385922242948158,-0.028927051146392158
Gemini,VisitBench,General VQA,397,10,0.7939698492462312,2.469792201890418,0.949748743718593,3.0653266331658293,0.5436031827341775,0.38255194952739546,0.16105123320678205
Gemini,WIT,Knowledge/Web,399,1,0.855,2.3749713993072508,0.985,3.13,0.21175002106897714,0.4062571501731873,-0.19450712910421017
Gemini,WIT,Knowledge/Web,399,2,0.89,2.705250233411789,0.975,3.145,0.25696626399063066,0.32368744164705276,-0.0667211776564221
Gemini,WIT,Knowledge/Web,399,3,0.9,2.8323734867572785,0.995,3.44,0.2669613560957827,0.29190662831068037,-0.024945272214897674
Gemini,WIT,Knowledge/Web,399,4,0.915,2.5408487910032274,0.975,3.18,0.23366900503083282,0.36478780224919316,-0.13111879721836034
Gemini,WIT,Knowledge/Web,399,5,0.91,2.65973446726799,0.995,3.355,0.23058759085061514,0.3350663831830025,-0.10447879233238738
Gemini,WIT,Knowledge/Web,399,6,0.945,3.163345884680748,0.995,3.665,0.34651206761828884,0.20916352882981304,0.1373485387884758
Gemini,WIT,Knowledge/Web,399,7,0.935,2.8909161084890367,1.0,3.4,0.23526974624959335,0.27727097287774083,-0.04200122662814748
Gemini,WIT,Knowledge/Web,399,8,0.79,2.09103675365448,0.985,2.885,0.33587167170007426,0.47724081158638,-0.14136913988630573
Gemini,WIT,Knowledge/Web,399,9,0.94,2.785285990834236,0.99,3.345,0.3462680568556972,0.303678502291441,0.04258955456425623
Gemini,WIT,Knowledge/Web,399,10,0.94,3.077639561295509,0.99,3.46,0.3141261035652114,0.2305901096761227,0.08353599388908872
Gemini,coco,General VQA,397,1,0.9095477386934674,2.752389906039789,0.9748743718592965,3.2964824120603016,0.34716256399653633,0.31190252349005276,0.03526004050648357
Gemini,coco,General VQA,397,2,0.8391959798994975,2.232264249169048,0.964824120603015,2.864321608040201,0.2982779149448097,0.44193393770773803,-0.14365602276292833
Gemini,coco,General VQA,397,3,0.8291457286432161,2.1039869557673008,0.9849246231155779,2.85929648241206,0.3166897341104705,0.4740032610581748,-0.15731352694770429
Gemini,coco,General VQA,397,4,0.8492462311557789,2.7905378389598137,0.9748743718592965,3.2562814070351758,0.3548596881422456,0.3023655402600466,0.05249414788219903
Gemini,coco,General VQA,397,5,0.8944723618090452,2.624058385590213,0.9849246231155779,3.1557788944723617,0.25778469512250585,0.3439854036024468,-0.08620070847994094
Gemini,coco,General VQA,397,6,0.9396984924623115,3.1245186286955025,0.9949748743718593,3.6231155778894473,0.40444663778535456,0.2188703428261244,0.18557629495923017
Gemini,coco,General VQA,397,7,0.8994974874371859,2.799953769199812,0.9949748743718593,3.386934673366834,0.37859213828393756,0.30001155770004695,0.07858058058389061
Gemini,coco,General VQA,397,8,0.8693467336683417,2.1899030903475967,0.9698492462311558,2.92964824120603,0.3251323064041427,0.45252422741310083,-0.12739192100895813
Gemini,coco,General VQA,397,9,0.914572864321608,2.877428126694569,0.9849246231155779,3.3969849246231156,0.37615284683447103,0.2806429683263577,0.09550987850811332
Gemini,coco,General VQA,397,10,0.9547738693467337,3.1053842258213753,0.9899497487437185,3.6683417085427137,0.3516735115526768,0.22365394354465618,0.1280195680080206
Gemini,diffusiondb,Aesthetics/AI,299,1,0.9,3.445313456853231,0.9933333333333333,3.8533333333333335,0.2012423986462986,0.13867163578669228,0.0625707628596063
Gemini,diffusiondb,Aesthetics/AI,299,2,0.8266666666666667,3.0164095981915793,0.9266666666666666,3.513333333333333,0.35511996074858715,0.24589760045210518,0.10922236029648197
Gemini,diffusiondb,Aesthetics/AI,299,3,0.76,2.5075487756729125,0.9666666666666667,3.513333333333333,0.39700809354548083,0.3731128060817719,0.023895287463708947
Gemini,diffusiondb,Aesthetics/AI,299,4,0.82,3.126176834901174,0.9533333333333334,3.7266666666666666,0.4185334555039207,0.2184557912747065,0.2000776642292142
Gemini,diffusiondb,Aesthetics/AI,299,5,0.84,3.277777401606242,0.9466666666666667,3.68,0.37458516760258515,0.1805556495984395,0.19402951800414564
Gemini,diffusiondb,Aesthetics/AI,299,6,0.8666666666666667,3.088687175909678,0.9533333333333334,3.66,0.31761162390162395,0.22782820602258047,0.08978341787904348
Gemini,diffusiondb,Aesthetics/AI,299,7,0.8066666666666666,3.119243562221527,0.9666666666666667,3.78,0.34743560871171675,0.22018910944461823,0.12724649926709852
Gemini,diffusiondb,Aesthetics/AI,299,8,0.98,3.8927821747461953,1.0,3.973333333333333,0.2875969153304121,0.026804456313451186,0.2607924590169609
Gemini,diffusiondb,Aesthetics/AI,299,9,0.9466666666666667,3.4891332483291624,0.98,3.88,0.29361253048829006,0.1277166879177094,0.16589584257058065
Gemini,diffusiondb,Aesthetics/AI,299,10,0.9666666666666667,3.9136324469248454,1.0,3.993333333333333,0.25183965749408144,0.02159188826878866,0.23024776922529278
Gemini,infographicsVQA,Vision-Heavy,398,1,0.8944723618090452,3.0316231694053766,0.964824120603015,3.487437185929648,0.5098044361014162,0.24209420764865586,0.2677102284527604
Gemini,infographicsVQA,Vision-Heavy,398,2,0.8693467336683417,2.794691261334635,0.964824120603015,3.472361809045226,0.5714899723991006,0.30132718466634123,0.27016278773275937
Gemini,infographicsVQA,Vision-Heavy,398,3,0.7537688442211056,2.2741403699520246,0.9346733668341709,2.9899497487437188,0.5405967575017003,0.43146490751199384,0.10913184998970649
Gemini,infographicsVQA,Vision-Heavy,398,4,0.9396984924623115,3.4107038279873643,0.9949748743718593,3.7889447236180906,0.586552594593941,0.14732404300315893,0.4392285515907821
Gemini,infographicsVQA,Vision-Heavy,398,5,0.9195979899497487,3.1150048264306993,0.9949748743718593,3.6683417085427137,0.554779186472893,0.22124879339232517,0.33353039308056787
Gemini,infographicsVQA,Vision-Heavy,398,6,0.8241206030150754,2.826324403585501,0.9547738693467337,3.4271356783919598,0.4775616786121841,0.29341889910362473,0.1841427795085594
Gemini,infographicsVQA,Vision-Heavy,398,7,0.8391959798994975,2.6694997297459513,0.949748743718593,3.321608040201005,0.5588416227857054,0.3326250675635122,0.2262165552221932
Gemini,infographicsVQA,Vision-Heavy,398,8,0.9447236180904522,3.2805466034903596,0.9949748743718593,3.814070351758794,0.5783419342991057,0.1798633491274101,0.39847858517169565
Gemini,infographicsVQA,Vision-Heavy,398,9,0.9296482412060302,2.989744883086813,1.0,3.64321608040201,0.5425022974181993,0.25256377922829676,0.28993851818990257
Gemini,infographicsVQA,Vision-Heavy,398,10,0.8894472361809045,2.8969532610783024,0.9849246231155779,3.442211055276382,0.5073400191841142,0.2757616847304244,0.2315783344536898
Gemini,llava_bench,General VQA,396,1,0.9090909090909091,3.023971488379469,0.9696969696969697,3.606060606060606,0.32965553706331946,0.2440071279051328,0.08564840915818667
Gemini,llava_bench,General VQA,396,2,0.8838383838383839,2.9528163785886283,0.9949494949494949,3.6363636363636362,0.26683642073837893,0.2617959053528429,0.005040515385536015
Gemini,llava_bench,General VQA,396,3,0.8787878787878788,3.0095049437850414,0.9848484848484849,3.5656565656565657,0.294773751409151,0.24762376405373965,0.04714998735541137
Gemini,llava_bench,General VQA,396,4,0.9292929292929293,3.0945674457935373,0.98989898989899,3.7676767676767677,0.3165579439659387,0.22635813855161568,0.09019980541432304
Gemini,llava_bench,General VQA,396,5,0.8434343434343434,2.806254444700299,0.9595959595959596,3.4393939393939394,0.31145331235354595,0.2984363888249253,0.01301692352862066
Gemini,llava_bench,General VQA,396,6,0.7676767676767676,2.3877060973283015,0.9545454545454546,3.1616161616161618,0.30023178391725386,0.4030734756679246,-0.10284169175067076
Gemini,llava_bench,General VQA,396,7,0.9191919191919192,3.0653579084560123,1.0,3.727272727272727,0.3430977015802119,0.23366052288599692,0.10943717869421499
Gemini,llava_bench,General VQA,396,8,0.8838383838383839,3.0982337040130536,0.9747474747474747,3.757575757575758,0.32225066274113107,0.2254415739967366,0.09680908874439448
Gemini,llava_bench,General VQA,396,9,0.9444444444444444,3.784012597618681,0.98989898989899,3.9696969696969697,0.35442013300699426,0.05399685059532977,0.3004232824116645
Gemini,llava_bench,General VQA,396,10,0.9595959595959596,3.399534250148619,0.9848484848484849,3.808080808080808,0.3242547948374749,0.1501164374628452,0.17413835737462968
Gemini,mathvista,Vision-Heavy,790,1,0.8658227848101265,3.2464885871621627,0.9696202531645569,3.688607594936709,0.37013853173024774,0.18837785320945932,0.18176067852078842
Gemini,mathvista,Vision-Heavy,790,2,0.7873417721518987,2.89729764069183,0.9367088607594937,3.3620253164556964,0.4088057561935992,0.27567558982704254,0.13313016636655667
Gemini,mathvista,Vision-Heavy,790,3,0.8911392405063291,3.3068324544761754,0.9721518987341772,3.7012658227848103,0.42009097196009776,0.17329188638095616,0.2467990855791416
Gemini,mathvista,Vision-Heavy,790,4,0.9367088607594937,3.50880200621448,0.9848101265822785,3.8860759493670884,0.40270843001535567,0.12279949844638005,0.2799089315689756
Gemini,mathvista,Vision-Heavy,790,5,0.9189873417721519,3.529051718832571,0.9924050632911392,3.868354430379747,0.4889814129795557,0.1177370702918572,0.3712443426876985
Gemini,mathvista,Vision-Heavy,790,6,0.6227848101265823,3.3567245139351374,0.9848101265822785,3.6582278481012658,0.4540661354028953,0.16081887151621566,0.29324726388667965
Gemini,mathvista,Vision-Heavy,790,7,0.8962025316455696,3.363895007326633,0.9772151898734177,3.830379746835443,0.43156734435035893,0.15902624816834177,0.27254109618201716
Gemini,mathvista,Vision-Heavy,790,8,0.8683544303797468,3.21747030306466,0.9670886075949368,3.7544303797468355,0.44580259342434053,0.19563242423383498,0.25017016919050555
Gemini,mathvista,Vision-Heavy,790,9,0.850632911392405,3.1586626083036013,0.9645569620253165,3.5848101265822785,0.47577429815149247,0.21033434792409966,0.2654399502273928
Gemini,mathvista,Vision-Heavy,790,10,0.7949367088607595,2.8106857779659804,0.9443037974683545,3.321518987341772,0.4972191853235266,0.2973285555085049,0.1998906298150217
Gemini,mind2web,Knowledge/Web,398,1,0.8341708542713567,2.602838994270593,0.964824120603015,3.251256281407035,0.14369075835687567,0.3492902514323517,-0.20559949307547604
Gemini,mind2web,Knowledge/Web,398,2,0.9396984924623115,3.319650206134547,1.0,3.71356783919598,0.01063045807937773,0.17008744846636326,-0.15945699038698552
Gemini,mind2web,Knowledge/Web,398,3,0.914572864321608,2.9463229700548563,0.9949748743718593,3.542713567839196,0.09321220487750921,0.2634192574862859,-0.17020705260877672
Gemini,mind2web,Knowledge/Web,398,4,0.8442211055276382,2.7927624652134115,0.9748743718592965,3.35678391959799,0.11090201322685725,0.3018093836966471,-0.19090737046978987
Gemini,mind2web,Knowledge/Web,398,5,0.9095477386934674,3.1563829141645576,0.9899497487437185,3.5376884422110555,0.08579191711441256,0.2109042714588606,-0.12511235434444803
Gemini,mind2web,Knowledge/Web,398,6,0.8844221105527639,2.8284277694309177,0.964824120603015,3.477386934673367,0.06522573923409442,0.2928930576422706,-0.22766731840817617
Gemini,mind2web,Knowledge/Web,398,7,0.9045226130653267,2.989171397146867,0.9849246231155779,3.512562814070352,-0.00040956602382240714,0.2527071507132832,-0.2522975846894608
Gemini,mind2web,Knowledge/Web,398,8,0.8391959798994975,2.7720612826658853,0.9949748743718593,3.2763819095477387,0.049066941900161816,0.3069846793335287,-0.2579177374333669
Gemini,mind2web,Knowledge/Web,398,9,0.8492462311557789,2.930659053313672,0.9899497487437185,3.5025125628140703,0.07319701034646325,0.267335236671582,-0.19413822632511873
Gemini,mind2web,Knowledge/Web,398,10,0.8944723618090452,2.798847876002441,0.9748743718592965,3.386934673366834,0.03469048045647945,0.3002880309993897,-0.2655975505429103
Gemini,mm-vet,General VQA,258,1,0.7131782945736435,1.2408843391625457,0.8449612403100775,1.930232558139535,0.21249014473138086,0.6897789152093636,-0.4772887704779828
Gemini,mm-vet,General VQA,258,2,0.9224806201550387,3.0820882320404053,0.9689922480620154,3.5426356589147288,0.2125015803679698,0.22947794198989868,-0.016976361621928893
Gemini,mm-vet,General VQA,258,3,0.8527131782945736,2.093240407086158,0.9224806201550387,2.689922480620155,0.22833491621099916,0.47668989822846053,-0.24835498201746137
Gemini,mm-vet,General VQA,258,4,0.9612403100775194,3.3756132384603337,0.9767441860465116,3.5426356589147288,0.23083403495047994,0.15609669038491658,0.07473734456556336
Gemini,mm-vet,General VQA,258,5,0.8914728682170543,2.6591116125269454,0.9612403100775194,3.0387596899224807,0.20430185733024606,0.33522209686826365,-0.1309202395380176
Gemini,mm-vet,General VQA,258,6,0.7906976744186046,1.7809599758118622,0.8837209302325582,2.3255813953488373,0.35708287418758594,0.5547600060470345,-0.19767713185944852
Gemini,mm-vet,General VQA,258,7,0.8682170542635659,2.1631818593934526,0.9534883720930233,2.550387596899225,0.2753391285513405,0.45920453515163684,-0.18386540660029632
Gemini,mm-vet,General VQA,258,8,0.8682170542635659,2.6068805816561675,0.9689922480620154,3.0775193798449614,0.1823174957175402,0.3482798545859581,-0.16596235886841793
Gemini,mm-vet,General VQA,258,9,0.8604651162790697,2.60419999906259,0.9612403100775194,3.0232558139534884,0.2572798988097351,0.3489500002343525,-0.0916701014246174
Gemini,mm-vet,General VQA,258,10,0.9767441860465116,3.628285755482755,0.9922480620155039,3.7751937984496124,0.19428185130227094,0.09292856112931125,0.10135329017295969
Gemini,textVQA,Vision-Heavy,399,1,0.815,2.2515439665317536,0.965,2.78,0.6204349582612729,0.4371140083670616,0.18332094989421133
Gemini,textVQA,Vision-Heavy,399,2,0.885,2.3397721314430235,0.975,2.895,0.6053088845028689,0.4150569671392441,0.1902519173636248
Gemini,textVQA,Vision-Heavy,399,3,0.86,2.041675910949707,0.97,2.64,0.618935938967753,0.4895810222625733,0.12935491670517973
Gemini,textVQA,Vision-Heavy,399,4,0.885,2.325964680314064,0.96,2.94,0.5824398319673181,0.41850882992148397,0.1639310020458341
Gemini,textVQA,Vision-Heavy,399,5,0.79,2.2607136976718905,0.98,2.875,0.6312859470423184,0.4348215755820274,0.19646437146029105
Gemini,textVQA,Vision-Heavy,399,6,0.895,2.2465364468097686,0.975,2.84,0.5770981280007242,0.43836588829755785,0.1387322397031664
Gemini,textVQA,Vision-Heavy,399,7,0.9,2.439537501335144,0.955,3.04,0.611633191826751,0.39011562466621397,0.22151756716053705
Gemini,textVQA,Vision-Heavy,399,8,0.7,1.8545427203178406,0.915,2.44,0.5259161781614963,0.5363643199205399,-0.010448141759043628
Gemini,textVQA,Vision-Heavy,399,9,0.805,2.2480239880084993,0.955,2.89,0.6143420198891841,0.43799400299787516,0.17634801689130897
Gemini,textVQA,Vision-Heavy,399,10,0.8,2.320489206314087,0.98,2.89,0.5913402842925479,0.41987769842147826,0.17146258587106966
