judge,dataset,category,n,pearson_mean,pearson_lo,pearson_hi,width_mean,width_lo,width_hi,cpi_mean,cpi_lo,cpi_hi,rsg_mean,rsg_lo,rsg_hi
Gemini,AesBench,Aesthetics/AI,392,0.2663125319217018,0.24538445933606282,0.28847802024830016,2.192659635020762,2.059349699572337,2.3304310182162697,0.4518350912448095,0.41739224544593273,0.48516257510691585,-0.1855225593231077,-0.23343688412988706,-0.13526069669863905
Gemini,diffusiondb,Aesthetics/AI,299,0.32445854119729967,0.2827320078283684,0.36358660336042514,3.287670467535654,3.034543107177814,3.5357030457516507,0.17808238311608632,0.11607423856208723,0.24136422320554654,0.14637615808121335,0.10038297639096024,0.193512045587817
Gemini,VisitBench,General VQA,397,0.534918878092369,0.5070336135027178,0.563602860270027,2.6214326737514093,2.382585331968327,2.8388111274431096,0.34464183156214767,0.29029721813922255,0.40435366700791836,0.19027704653022143,0.11507558304082141,0.2576501376531322
Gemini,coco,General VQA,397,0.341077203717715,0.31510610038213727,0.36420634238441335,2.6600425176285016,2.438808489657527,2.8710233788154835,0.3349893705928745,0.28224415529612923,0.3902978775856183,0.006087833124840564,-0.06823022895875525,0.07734408434333817
Gemini,llava_bench,General VQA,396,0.31635320416134,0.30021977000635663,0.3300954716194688,3.0621959258811637,2.8586794558995297,3.2790162971751258,0.23445101852970893,0.18024592570621858,0.2853301360251175,0.08190218563163107,0.023377733630075313,0.14596934458326258
Gemini,mm-vet,General VQA,258,0.23547637821595485,0.20943060772344507,0.2676343464859724,2.5234446000683213,2.098930225991464,2.9606173771342563,0.3691388499829196,0.25984565571643586,0.475267443502134,-0.1336624717669648,-0.23380221509364635,-0.03604635428786606
Gemini,Concept Caption,Knowledge/Web,398,0.43950111386026547,0.4254696088808666,0.4556574301986569,2.6764383700025745,2.4808864464577116,2.9004381882814902,0.3308904074993565,0.2748904529296274,0.379778388385572,0.10861070636090911,0.06104032175669608,0.16096609112332885
Gemini,WIT,Knowledge/Web,399,0.27779818830257036,0.24752829495485554,0.3087112515309572,2.7121402676701547,2.521043277594447,2.8915310314163563,0.3219649330824613,0.2771172421459109,0.3697391806013882,-0.044166744779891,-0.103504655493583,0.01941641070178905
Gemini,mind2web,Knowledge/Web,398,0.06659979575684091,0.040769818271082336,0.09378873888919305,2.9137124928397746,2.7966097175236326,3.041768084207372,0.27157187679005623,0.23955797894815706,0.30084757061909195,-0.20489016782845093,-0.23294428201797165,-0.1774191475572005
Gemini,ChartQA,Vision-Heavy,400,0.49170876922489554,0.46692220935933465,0.5112627712376269,2.8457716106176374,2.5357774993345146,3.129774065625668,0.28855709734559054,0.2175564835935831,0.36605562516637136,0.20315167187930494,0.12445441617974268,0.2790390359459417
Gemini,ScienceQA,Vision-Heavy,396,0.5247403188451487,0.5001939672177617,0.545349398488445,2.946239752661098,2.593933915942907,3.2932456056969333,0.26344006183472546,0.1766885985757667,0.35151652101427316,0.2613002570104232,0.15959721941491073,0.35137822879662445
Gemini,infographicsVQA,Vision-Heavy,398,0.542781049936836,0.5221472767203855,0.5628116599383083,2.928923233609703,2.730718703647355,3.1133996644196795,0.26776919159757434,0.2216500838950801,0.31732032408816124,0.27501185833926167,0.21779837721264092,0.3361601428718385
Gemini,mathvista,Vision-Heavy,790,0.43951546595314694,0.415139961021608,0.46337669136565585,3.2395910617973227,3.089794070836864,3.375876091875607,0.19010223455066924,0.15603097703109817,0.227551482290784,0.24941323140247781,0.20793735145835482,0.2894211489751008
Gemini,textVQA,Vision-Heavy,399,0.5978735362912234,0.5780968214699143,0.6137063934488943,2.2328800249695773,2.1240380121231075,2.320726417285204,0.44177999375760557,0.419818395678699,0.46899049696922307,0.15609354253361793,0.11382683158737628,0.18664763440292348
LLaVA-Critic,AesBench,Aesthetics/AI,392,0.4197245056169101,0.4026997042415609,0.4421278803796586,2.030724218913487,1.8554508083937122,2.206442572854611,0.4923189452716282,0.4483893567863472,0.5361372979015722,-0.07259443965471812,-0.11540818277904416,-0.03409802406720637
LLaVA-Critic,diffusiondb,Aesthetics/AI,299,0.08842412765314292,0.059798365045352894,0.11588004442968573,3.373673643906911,3.199823043177525,3.55317354799509,0.15658158902327218,0.11170661300122736,0.2000442392056187,-0.06749245719074194,-0.120778234947732,-0.010699856155898356
LLaVA-Critic,VisitBench,General VQA,397,0.3508736444019932,0.31996956423556827,0.3777149980188491,2.9374363808775668,2.794108934973053,3.0663810764889625,0.26564090478060837,0.23340473087775948,0.3014727662567367,0.08523273962138492,0.022309632322537586,0.14217502138509172
LLaVA-Critic,coco,General VQA,397,0.3752796319392708,0.34454785445087643,0.4080041428518893,2.5608713932372815,2.446342424106358,2.715860164307769,0.3597821516906795,0.3210349589230577,0.38841439397341043,0.015497480248591228,-0.0314077076581134,0.07817741787972642
LLaVA-Critic,llava_bench,General VQA,396,0.24538448254534276,0.2216400316999576,0.26922607924326913,2.978889281942387,2.6998025251398188,3.249819576263126,0.2552776795144033,0.18754510593421836,0.3250493687150455,-0.009893196969060509,-0.07722462618606656,0.06282435284883278
LLaVA-Critic,mm-vet,General VQA,258,0.2551124334768565,0.19747452822466213,0.3089007336585105,3.0741098135940788,2.7577337328823965,3.4079353503570995,0.23147254660148034,0.148016162410725,0.3105665667794009,0.023639886875376236,-0.08510885474912672,0.1284001629893303
LLaVA-Critic,Concept Caption,Knowledge/Web,398,0.36500596686507497,0.3200743755926834,0.4050528417650932,2.669792297617275,2.505684472485703,2.8584342254031845,0.3325519255956812,0.28539144364920394,0.3735788818785743,0.032454041269393684,-0.02095319617121762,0.08128695562277183
LLaVA-Critic,WIT,Knowledge/Web,399,0.14354845734648466,0.09520385000312348,0.19361152489077843,2.62484696495533,2.228884369517863,2.9339638328030704,0.34378825876116753,0.2665090417992324,0.44277890762053423,-0.20023980141468284,-0.31365907816370087,-0.11533623252561898
LLaVA-Critic,mind2web,Knowledge/Web,398,0.2786475428138493,0.25258139060140544,0.3073101614475095,2.6484867432009636,2.446360981769897,2.8519745346993655,0.3378783141997591,0.2870063663251586,0.38840975455752574,-0.05923077138590982,-0.11905374253707107,0.007702727836405789
LLaVA-Critic,ChartQA,Vision-Heavy,400,0.5003428541988193,0.4845587070438894,0.5188500073145689,3.002854565858841,2.8437913546785714,3.1489422901928426,0.24928635853528974,0.21276442745178936,0.28905216133035716,0.2510564956635295,0.2039858379132408,0.2941453269970191
LLaVA-Critic,ScienceQA,Vision-Heavy,396,0.2828641470086598,0.24375621988424856,0.3251384328377751,3.1590061688061915,2.9221008206648054,3.3643873229938923,0.21024845779845208,0.15890316925152687,0.26947479483379855,0.0726156892102077,-0.012468680409847688,0.1536904330694615
LLaVA-Critic,infographicsVQA,Vision-Heavy,398,0.4268511756200061,0.40603399473006263,0.44671394676788223,3.404941528466479,3.2213759958414574,3.5423630810038524,0.1487646178833803,0.11440922974903676,0.19465600103963557,0.2780865577366257,0.21925014029170578,0.32846430027284096
LLaVA-Critic,mathvista,Vision-Heavy,790,0.38271561757658157,0.3621982309146383,0.3969969509175815,3.3204968977578084,3.1974815571277957,3.4119358884880815,0.16987577556054806,0.14701602787797965,0.20062961071805105,0.2128398420160335,0.1676881989158477,0.24635719362059483
LLaVA-Critic,textVQA,Vision-Heavy,399,0.37861388852388245,0.34450197047989983,0.41083580025164435,2.8782239065170288,2.694540964984894,3.032760141617059,0.2804440233707427,0.24180996459573503,0.3263647587537765,0.09816986515313966,0.049359043425357074,0.14486959588049977
Phi-4,AesBench,Aesthetics/AI,392,0.38348530416496296,0.3634557778568415,0.4062116371247038,1.853373846411705,1.6399716969731513,2.013272082239997,0.5366565383970737,0.4966819794400007,0.5900070757567122,-0.15317123423211082,-0.2134084560447593,-0.0995781352574088
Phi-4,diffusiondb,Aesthetics/AI,299,0.2547662693802856,0.23343915710648128,0.27914321785271173,3.092954898357392,2.784734541223446,3.418680583061774,0.22676127541065214,0.14532985423455635,0.30381636469413836,0.028004993969633452,-0.06267139182089661,0.12227132138977966
Phi-4,VisitBench,General VQA,397,0.30343478809751634,0.2837052527357369,0.32467986787788633,2.8653856796235897,2.685181958049385,3.0661886607537316,0.2836535800941026,0.23345283481156706,0.3287045104876535,0.019781208003413726,-0.03592873323545686,0.08531383883620575
Phi-4,coco,General VQA,397,0.24001882991655482,0.17992228512956165,0.2969535191116158,2.690027335181308,2.4809709767151125,2.909405862864238,0.327493166204673,0.27264853428394054,0.379757255821222,-0.08747433628811814,-0.1749193454887817,4.441525880240793e-05
Phi-4,llava_bench,General VQA,396,0.15553823880004847,0.12711504343616195,0.1866271173553709,2.99896951980061,2.793275684300396,3.214374529853312,0.25025762004984753,0.19640636753667184,0.3016810789249008,-0.09471938124979903,-0.16583605528223128,-0.020082606423769748
Phi-4,mm-vet,General VQA,258,0.27851705117467873,0.24529676624977403,0.31197926771133333,2.3832787443501084,1.9722118671088253,2.7998755257212835,0.40418031391247294,0.30003111856967907,0.5069470332227936,-0.12566326273779432,-0.22741309911416346,-0.017459195300090626
Phi-4,Concept Caption,Knowledge/Web,398,0.29480336069569296,0.27145036617455576,0.31727745161587007,2.6639549178094724,2.4986589200652425,2.8158065877308194,0.334011270547632,0.29604835306729504,0.3753352699836894,-0.039207909851939046,-0.08951203262764573,-0.005187054272858318
Phi-4,WIT,Knowledge/Web,399,0.39897626347850335,0.36903931148577607,0.436923784954928,2.6008298580050466,2.326464252187312,2.8002552337557076,0.3497925354987383,0.299936191561073,0.41838393695317194,0.04918372797976507,-0.03580910618962638,0.11548751456623292
Phi-4,mind2web,Knowledge/Web,398,0.23148557841949785,0.20066420366095547,0.26332893156801024,2.843850847884039,2.6615175632376165,3.0325160154670328,0.2890372880289902,0.2418709961332418,0.3346206091905958,-0.05755170960949237,-0.10162736553906154,-0.009774978668677908
Phi-4,ChartQA,Vision-Heavy,400,0.2293693533782176,0.19146110059327767,0.26615000398397093,3.593780722498894,3.4376892489463096,3.7295982537820933,0.10155481937527658,0.06760043655447663,0.1405776877634227,0.12781453400294102,0.07522934619309588,0.17848838658255417
Phi-4,ScienceQA,Vision-Heavy,396,0.31129285712029553,0.28483947763454537,0.33561275111867545,3.364428117479941,3.196656265279861,3.5377318946234504,0.15889297063001478,0.11556702634413737,0.20083593368003463,0.15239988649028074,0.11065282320018172,0.1967444918607716
Phi-4,infographicsVQA,Vision-Heavy,398,0.15602697251953626,0.1251159852409116,0.18174073000576096,3.474236900902273,3.355574529403119,3.600519538316595,0.13144077477443156,0.09987011542085125,0.16110636764922032,0.024586197745104683,-0.019976948745156476,0.07222084798002289
Phi-4,mathvista,Vision-Heavy,790,0.3466227385418023,0.32802087757663884,0.36772000077703787,3.46283933594257,3.3391960767907434,3.584736468520346,0.13429016601435745,0.10381588286991361,0.16520098080231418,0.21233257252744484,0.18282616752417966,0.24257791212222934
Phi-4,textVQA,Vision-Heavy,399,0.2320094570521701,0.2102444571631427,0.2552357216660187,2.926868841171265,2.6988614002451294,3.162169757762551,0.2682827897071839,0.20945756055936215,0.3252846499387175,-0.03627333265501372,-0.09775205860743605,0.025426802586620813
