judge,dataset,category,n_items,rho_pt,rho_lo,rho_hi,rho_halfwidth,width_seed_mean,width_seed_lo,width_seed_hi,rsg_pt,rsg_lo,rsg_hi
LLaVA-Critic,AesBench,Aesthetics/AI,392,0.4023442499232549,0.27280996670476654,0.5131861025143389,0.1201880679047862,2.030724218913487,1.858060060201251,2.199260710459583,-0.08997469534837332,-0.2626750182449207,0.06300128012923467
LLaVA-Critic,ChartQA,Vision-Heavy,400,0.5065214947745532,0.4312076307049914,0.5737704715442223,0.07128142041961547,3.002854565858841,2.8466952780485153,3.139621639454365,0.2572351362392634,0.14288145021712023,0.3586758814078136
LLaVA-Critic,Concept Caption,Knowledge/Web,398,0.36214278469614974,0.25779325493119104,0.46886951364616497,0.10553812935748696,2.669792297617275,2.502440686699134,2.8457532452353878,0.029590859100468492,-0.11659657339402546,0.1803078249550119
LLaVA-Critic,ScienceQA,Vision-Heavy,396,0.25777543461833535,0.14879023730735988,0.3616297227370536,0.10641974271484687,3.1590061688061915,2.945135143418806,3.369885995302236,0.047526976819883215,-0.11492597683793868,0.20410122156261268
LLaVA-Critic,VisitBench,General VQA,397,0.3515907446676899,0.24899198054703028,0.44472037832958994,0.09786419889127983,2.9374363808775668,2.795466856373914,3.065715637271428,0.0859498398870816,-0.05214130535949127,0.21114928764744695
LLaVA-Critic,WIT,Knowledge/Web,399,0.16358387367078034,0.07088161760746955,0.25935499854951444,0.09423669047102244,2.62484696495533,2.2075839955180885,2.9193037899568677,-0.18020438509038714,-0.3772223835130083,-0.010819053961268643
LLaVA-Critic,coco,General VQA,397,0.3615484780727233,0.2552978707406015,0.4565102591632099,0.1006061942113042,2.560871393237282,2.4463433083382684,2.707176558483186,0.0017663263820437702,-0.1331163021748314,0.1333043987840064
LLaVA-Critic,diffusiondb,Aesthetics/AI,299,0.0888923731929092,-0.02645616689555328,0.20026541538247278,0.11336079113901303,3.373673643906911,3.2159811335186164,3.546931552237272,-0.06768921583036304,-0.16954854972479264,0.08699830344179083
LLaVA-Critic,infographicsVQA,Vision-Heavy,398,0.4107714375356846,0.3309331210823566,0.4885001233244481,0.07878350112104573,3.404941528466479,3.22892625871765,3.5407027437653973,0.2620068196523044,0.1381646857617691,0.3736758092657974
LLaVA-Critic,llava_bench,General VQA,396,0.24430289080355252,0.15027683828414568,0.34101010185250286,0.09536663178417859,2.978889281942387,2.710375225575584,3.2554994915696702,-0.010974788710850752,-0.17212935532195833,0.1548849747449204
LLaVA-Critic,mathvista,Vision-Heavy,789,0.376354529468091,0.3116658868115713,0.43701867652371473,0.06267639485607171,3.3204968977578084,3.208272674903085,3.4110640092816538,0.2064787539075431,0.11373405553734256,0.2897846788441282
LLaVA-Critic,mind2web,Knowledge/Web,398,0.2677810699055057,0.1509146750867823,0.37162031653213967,0.11035282072267869,2.6484867432009636,2.4441023119340595,2.849498355944253,-0.0700972442942534,-0.23805974692970283,0.08399490551820288
LLaVA-Critic,mm-vet,General VQA,258,0.26013249711641767,0.0937708272678331,0.40871171290091507,0.157470442816541,3.0741098135940788,2.7400524011462237,3.400546093490697,0.02865995051493736,-0.22121607244561098,0.25884823627358927
LLaVA-Critic,textVQA,Vision-Heavy,399,0.38929103483596705,0.29420433343107044,0.4810599727464919,0.09342781965771074,2.8782239065170288,2.6935657839238645,3.0298162920117377,0.10884701146522424,-0.03240422058796344,0.23851404574942636
Phi-4,AesBench,Aesthetics/AI,392,0.35328148992266106,0.2429652833464808,0.4565029091834704,0.10676881291849481,1.853373846411705,1.641764573535445,2.0094983865624783,-0.18337504847441266,-0.3465935732696579,-0.04112249417591002
Phi-4,ChartQA,Vision-Heavy,396,0.2610823228261663,0.16925127801816003,0.3512523126319948,0.09100051730691738,3.593780722498894,3.4317842086091637,3.72307121733278,0.15952750345088973,0.02719733017045095,0.28202011696518975
Phi-4,Concept Caption,Knowledge/Web,395,0.27310319805215605,0.18542471724869863,0.35712554936666724,0.0858504160589843,2.6639549178094724,2.519373177221073,2.8093155746633682,-0.06090807249547586,-0.18473198844603317,0.059454443032509297
Phi-4,ScienceQA,Vision-Heavy,388,0.3034785290615367,0.19713682279338632,0.3993252688007483,0.101094223003681,3.364428117479941,3.1983328064884806,3.545681940854499,0.144585558431522,-0.0032799755844935274,0.285745754014373
Phi-4,VisitBench,General VQA,395,0.3387401086894408,0.23220161798251232,0.43790910337911554,0.10285374269830161,2.8653856796235897,2.6728428328216975,3.0611223560601624,0.05508652859533825,-0.0995876738120633,0.20318969239415613
Phi-4,WIT,Knowledge/Web,399,0.39977518079382623,0.3105009330140641,0.48465753739286205,0.08707830218939897,2.6008298580050466,2.335900607299805,2.796074916417897,0.04998264529508789,-0.10552391516098458,0.18367626649733632
Phi-4,coco,General VQA,393,0.2741689015650296,0.16312950089179099,0.37844115699554853,0.10765582805187877,2.690027335181308,2.4728258048948932,2.904612873421242,-0.05332426463964335,-0.2186640478844857,0.10459437535085908
Phi-4,diffusiondb,Aesthetics/AI,298,0.28458778067143736,0.18245042289339722,0.38738092980744243,0.1024652534570226,3.092954898357392,2.8079972937941555,3.4014933451016742,0.05782650526078531,-0.1155502536580639,0.237754266082861
Phi-4,infographicsVQA,Vision-Heavy,390,0.16204881255988454,0.0655866887315385,0.2625235901555264,0.09846845071199395,3.474236900902273,3.360411626410544,3.5956758152060773,0.03060803778545282,-0.09431040466582552,0.16144254395704571
Phi-4,llava_bench,General VQA,390,0.1384052825221782,0.03558774504293863,0.23809302812095579,0.10125264153900858,2.99896951980061,2.7780476269502232,3.2000683325649515,-0.11185233752766932,-0.2699003482195056,0.03811011126219366
Phi-4,mathvista,Vision-Heavy,781,0.33920232689324464,0.27739857299688087,0.40155535554207744,0.06207839127259829,3.46283933594257,3.337567168674892,3.5907774784557427,0.20491216087888714,0.11179036516560381,0.2992497251560131
Phi-4,mind2web,Knowledge/Web,398,0.22435846870058634,0.10698114389289332,0.32972883370495987,0.11137384490603328,2.8438508478840396,2.6740618626915627,3.025464988657877,-0.06467881932840375,-0.22450339043421602,0.08609508086942907
Phi-4,mm-vet,General VQA,249,0.2961405253904476,0.1598889997315481,0.42556760746498756,0.13283930386671972,2.3832787443501084,2.002368858026905,2.7831871831832924,-0.10803978852202528,-0.33951878576172567,0.12136440326081066
Phi-4,textVQA,Vision-Heavy,389,0.21344387247048666,0.11007510956162558,0.31702422695405374,0.10347455869621408,2.926868841171265,2.6814802308753136,3.1543497430086136,-0.05483891723669712,-0.219554832719546,0.10561166270620714
Gemini,AesBench,Aesthetics/AI,338,0.2562425920986022,0.14412634711678154,0.3644877061013938,0.11018067949230613,2.192659635020762,2.065605579024675,2.3271800193783583,-0.1955924991462073,-0.33947225812704973,-0.053717289054016626
Gemini,ChartQA,Vision-Heavy,399,0.4938219370265629,0.41823602217658645,0.5670703961476535,0.07441718698553354,2.8457716106176374,2.539237472240627,3.124154289616644,0.20526483968097226,0.053045390236743206,0.3481089685518145
Gemini,Concept Caption,Knowledge/Web,380,0.4275218877450021,0.3356712360003112,0.5103056996743816,0.08731723183703519,2.6764383700025745,2.4858618583781036,2.887998151028875,0.09663148024564572,-0.042863299405162925,0.23230523743160025
Gemini,ScienceQA,Vision-Heavy,379,0.5295765588300568,0.44263097747928576,0.6136700752528419,0.08551954888677807,2.946239752661098,2.6079058021848853,3.2922729329614326,0.2661364969953314,0.09460742802550709,0.43673830849320006
Gemini,VisitBench,General VQA,381,0.5242848726086505,0.4426135404173665,0.6019034839320302,0.07964497175733184,2.6214326737514093,2.3835454322809553,2.8436829953322458,0.17964304104650286,0.03849989848760532,0.31282423276509164
Gemini,WIT,Knowledge/Web,360,0.29403262692910626,0.1882652164050415,0.393732919795306,0.10273385169513224,2.7121402676701547,2.5116930473834276,2.884550374419987,-0.02793230615335507,-0.1838115217491016,0.11487051340030274
Gemini,coco,General VQA,387,0.342139850211862,0.238951241270693,0.4413367846957211,0.10119277171251403,2.6600425176285016,2.441149944652564,2.8708725476759165,0.007150479618987404,-0.150761272566166,0.1590549216147002
Gemini,diffusiondb,Aesthetics/AI,259,0.319579489886707,0.21100303577107193,0.43178883308314925,0.11039289865603866,3.287670467535654,3.054698001229763,3.530697145613034,0.1414971067706205,-0.025322463921487293,0.31446311948640776
Gemini,infographicsVQA,Vision-Heavy,397,0.5469500176092803,0.47142703699544664,0.6181102313274021,0.07334159716597771,2.928923233609703,2.735138969193751,3.1162897544889594,0.279180826011706,0.1552117792938844,0.3971826699496419
Gemini,llava_bench,General VQA,362,0.31235542271444355,0.21255305737882718,0.40123623407148834,0.09434158834633058,3.0621959258811637,2.862952741092504,3.2715953885936977,0.07790440418473449,-0.07170875734804677,0.21913508121991276
Gemini,mathvista,Vision-Heavy,744,0.41429806049797296,0.3464880318664008,0.48127604005867586,0.06739400409613752,3.2395910617973227,3.094646614765064,3.3661843932693514,0.22419582594730364,0.12014968555766686,0.3228221383760137
Gemini,mind2web,Knowledge/Web,380,0.06491073773841471,-0.04466683943718661,0.17000163452408812,0.10733423698063736,2.9137124928397746,2.8017303620855416,3.040883448660074,-0.20666113905164163,-0.25490057004142797,-0.06977750331089339
Gemini,mm-vet,General VQA,247,0.23340981483743484,0.09007750717467117,0.3687212994023858,0.1393218961138573,2.5234446000683213,2.1112350075697712,2.929020723035169,-0.13572903514548484,-0.382113740932886,0.10097648016117805
Gemini,textVQA,Vision-Heavy,396,0.6003076340503849,0.524845124580164,0.6684810882219047,0.07181798182087035,2.2328800249695773,2.1234937882348897,2.3198083800077436,0.15852764029277921,0.05571857163888638,0.24843318322384056
