judge,selector,coverage,risk
Gemini,cp_width,0.05,0.713273053283965
Gemini,cp_width,0.1,0.7616364841420836
Gemini,cp_width,0.15,0.7907760156922821
Gemini,cp_width,0.2,0.8409429950551116
Gemini,cp_width,0.25,0.863745353537655
Gemini,cp_width,0.3,0.8916903292990974
Gemini,cp_width,0.35,0.9152373557635609
Gemini,cp_width,0.39999999999999997,0.9274878870589423
Gemini,cp_width,0.44999999999999996,0.9424296892358138
Gemini,cp_width,0.49999999999999994,0.9535438546336783
Gemini,cp_width,0.5499999999999999,0.9633304293838953
Gemini,cp_width,0.6,0.9751839390928825
Gemini,cp_width,0.65,0.9940315214261346
Gemini,cp_width,0.7,1.0078236230253097
Gemini,cp_width,0.75,1.0243687774937487
Gemini,cp_width,0.7999999999999999,1.0455077864280262
Gemini,cp_width,0.85,1.0667076920443814
Gemini,cp_width,0.9,1.088847325657007
Gemini,cp_width,0.95,1.1029232975641814
Gemini,cp_width,1.0,1.1253837334023746
Gemini,judge_margin,0.05,1.3470713138861217
Gemini,judge_margin,0.1,1.1640224268538437
Gemini,judge_margin,0.15,1.0834802731668594
Gemini,judge_margin,0.2,1.036889233893453
Gemini,judge_margin,0.25,1.0097171757141041
Gemini,judge_margin,0.3,1.0024857661918105
Gemini,judge_margin,0.35,1.0021896857285213
Gemini,judge_margin,0.39999999999999997,1.0106204774244834
Gemini,judge_margin,0.44999999999999996,1.0110974672833026
Gemini,judge_margin,0.49999999999999994,1.0254848123661335
Gemini,judge_margin,0.5499999999999999,1.0423296662518329
Gemini,judge_margin,0.6,1.045969290119462
Gemini,judge_margin,0.65,1.0547981519598695
Gemini,judge_margin,0.7,1.0542225814898998
Gemini,judge_margin,0.75,1.0701754156200418
Gemini,judge_margin,0.7999999999999999,1.0829178729835993
Gemini,judge_margin,0.85,1.0930401595025483
Gemini,judge_margin,0.9,1.101084332115342
Gemini,judge_margin,0.95,1.1098347564891213
Gemini,judge_margin,1.0,1.1253837334023746
Gemini,judge_entropy,0.05,1.202187794517686
Gemini,judge_entropy,0.1,1.145493536666656
Gemini,judge_entropy,0.15,1.1419207073351327
Gemini,judge_entropy,0.2,1.162317550799831
Gemini,judge_entropy,0.25,1.1902032228653243
Gemini,judge_entropy,0.3,1.168353875141022
Gemini,judge_entropy,0.35,1.13052301645413
Gemini,judge_entropy,0.39999999999999997,1.0823700495245108
Gemini,judge_entropy,0.44999999999999996,1.0669641837511117
Gemini,judge_entropy,0.49999999999999994,1.064260937658971
Gemini,judge_entropy,0.5499999999999999,1.0733984422952052
Gemini,judge_entropy,0.6,1.0623072946317185
Gemini,judge_entropy,0.65,1.0868562320940536
Gemini,judge_entropy,0.7,1.094235166606747
Gemini,judge_entropy,0.75,1.094294372674309
Gemini,judge_entropy,0.7999999999999999,1.1066510275912314
Gemini,judge_entropy,0.85,1.1088913306746357
Gemini,judge_entropy,0.9,1.1116803237411046
Gemini,judge_entropy,0.95,1.1171010431518666
Gemini,judge_entropy,1.0,1.1253837334023746
Gemini,oracle,0.05,0.0
Gemini,random,0.05,1.1107271567625787
Gemini,oracle,0.1,0.0
Gemini,random,0.1,1.119437779987874
Gemini,oracle,0.15,0.0
Gemini,random,0.15,1.1209046630941157
Gemini,oracle,0.2,0.0
Gemini,random,0.2,1.1221049384143198
Gemini,oracle,0.25,0.0
Gemini,random,0.25,1.1211087548751695
Gemini,oracle,0.3,0.0
Gemini,random,0.3,1.1231504502715308
Gemini,oracle,0.35,0.08258932422916125
Gemini,random,0.35,1.123333006486559
Gemini,oracle,0.39999999999999997,0.19727310769944492
Gemini,random,0.39999999999999997,1.1238265854541116
Gemini,oracle,0.44999999999999996,0.28647009458217176
Gemini,random,0.44999999999999996,1.1238994411241483
Gemini,oracle,0.49999999999999994,0.357826742909835
Gemini,random,0.49999999999999994,1.1246793069080936
Gemini,oracle,0.5499999999999999,0.41620883621688914
Gemini,random,0.5499999999999999,1.124887195085722
Gemini,oracle,0.6,0.46486015934064234
Gemini,random,0.6,1.1249078671961923
Gemini,oracle,0.65,0.506026365407445
Gemini,random,0.65,1.1239656426404692
Gemini,oracle,0.7,0.5416293026197766
Gemini,random,0.7,1.1240360638389633
Gemini,oracle,0.75,0.6348470087506252
Gemini,random,0.75,1.1236178096601674
Gemini,oracle,0.7999999999999999,0.7201717491218688
Gemini,random,0.7999999999999999,1.1240179898214202
Gemini,oracle,0.85,0.7954579845510882
Gemini,random,0.85,1.124471303896298
Gemini,oracle,0.9,0.8823610856239472
Gemini,random,0.9,1.1248009781431392
Gemini,oracle,0.95,0.9938186968740276
Gemini,random,0.95,1.1252486987782275
Gemini,oracle,1.0,1.1253837334023746
Gemini,random,1.0,1.1253837334023742
LLaVA-Critic,cp_width,0.05,0.8819118058165406
LLaVA-Critic,cp_width,0.1,0.8930530080801071
LLaVA-Critic,cp_width,0.15,0.9361558642543486
LLaVA-Critic,cp_width,0.2,0.9596349757579196
LLaVA-Critic,cp_width,0.25,0.9792092547265902
LLaVA-Critic,cp_width,0.3,0.9815119564735811
LLaVA-Critic,cp_width,0.35,0.9907004345725228
LLaVA-Critic,cp_width,0.39999999999999997,0.9989116140637128
LLaVA-Critic,cp_width,0.44999999999999996,1.0060451291076333
LLaVA-Critic,cp_width,0.49999999999999994,1.0143805150292817
LLaVA-Critic,cp_width,0.5499999999999999,1.0155739040633385
LLaVA-Critic,cp_width,0.6,1.0158298252548346
LLaVA-Critic,cp_width,0.65,1.014414570120595
LLaVA-Critic,cp_width,0.7,1.0151987623715168
LLaVA-Critic,cp_width,0.75,1.0176878445110533
LLaVA-Critic,cp_width,0.7999999999999999,1.0190662433985493
LLaVA-Critic,cp_width,0.85,1.0232517350200394
LLaVA-Critic,cp_width,0.9,1.0236421558888518
LLaVA-Critic,cp_width,0.95,1.0282436024516894
LLaVA-Critic,cp_width,1.0,1.0329216667249763
LLaVA-Critic,judge_margin,0.05,0.8888981732113878
LLaVA-Critic,judge_margin,0.1,0.8142017732331708
LLaVA-Critic,judge_margin,0.15,0.8222868618043228
LLaVA-Critic,judge_margin,0.2,0.8627337444610154
LLaVA-Critic,judge_margin,0.25,0.8937131488190134
LLaVA-Critic,judge_margin,0.3,0.8956454795849038
LLaVA-Critic,judge_margin,0.35,0.9118104771578175
LLaVA-Critic,judge_margin,0.39999999999999997,0.9307424076356497
LLaVA-Critic,judge_margin,0.44999999999999996,0.9477016212704058
LLaVA-Critic,judge_margin,0.49999999999999994,0.9588844476702378
LLaVA-Critic,judge_margin,0.5499999999999999,0.9741478879609597
LLaVA-Critic,judge_margin,0.6,0.9818031876430581
LLaVA-Critic,judge_margin,0.65,1.000308954067489
LLaVA-Critic,judge_margin,0.7,1.0130913686591618
LLaVA-Critic,judge_margin,0.75,1.0199340205849696
LLaVA-Critic,judge_margin,0.7999999999999999,1.0216101528022723
LLaVA-Critic,judge_margin,0.85,1.0274994265187172
LLaVA-Critic,judge_margin,0.9,1.0284283347912482
LLaVA-Critic,judge_margin,0.95,1.027256854480907
LLaVA-Critic,judge_margin,1.0,1.0329216667249763
LLaVA-Critic,judge_entropy,0.05,0.8864529794896864
LLaVA-Critic,judge_entropy,0.1,0.8089730744786325
LLaVA-Critic,judge_entropy,0.15,0.82919156060421
LLaVA-Critic,judge_entropy,0.2,0.8652937852962532
LLaVA-Critic,judge_entropy,0.25,0.8957697209958235
LLaVA-Critic,judge_entropy,0.3,0.8973480599353849
LLaVA-Critic,judge_entropy,0.35,0.9107607707536155
LLaVA-Critic,judge_entropy,0.39999999999999997,0.9331123959833011
LLaVA-Critic,judge_entropy,0.44999999999999996,0.9473093881376382
LLaVA-Critic,judge_entropy,0.49999999999999994,0.9622881060296858
LLaVA-Critic,judge_entropy,0.5499999999999999,0.9735468145162184
LLaVA-Critic,judge_entropy,0.6,0.9822148144771995
LLaVA-Critic,judge_entropy,0.65,1.001518401430554
LLaVA-Critic,judge_entropy,0.7,1.0109310342820497
LLaVA-Critic,judge_entropy,0.75,1.0178384244238452
LLaVA-Critic,judge_entropy,0.7999999999999999,1.0210438952765974
LLaVA-Critic,judge_entropy,0.85,1.022797236903477
LLaVA-Critic,judge_entropy,0.9,1.0264505676400306
LLaVA-Critic,judge_entropy,0.95,1.0237893259685777
LLaVA-Critic,judge_entropy,1.0,1.0329216667249763
LLaVA-Critic,oracle,0.05,0.0
LLaVA-Critic,random,0.05,1.0284741091762677
LLaVA-Critic,oracle,0.1,0.0
LLaVA-Critic,random,0.1,1.0341864986096403
LLaVA-Critic,oracle,0.15,0.0
LLaVA-Critic,random,0.15,1.0335636584700354
LLaVA-Critic,oracle,0.2,0.0
LLaVA-Critic,random,0.2,1.0320275728348858
LLaVA-Critic,oracle,0.25,0.0
LLaVA-Critic,random,0.25,1.0318967562860013
LLaVA-Critic,oracle,0.3,0.0
LLaVA-Critic,random,0.3,1.0324165320078285
LLaVA-Critic,oracle,0.35,0.07802970878842885
LLaVA-Critic,random,0.35,1.0325698100333198
LLaVA-Critic,oracle,0.39999999999999997,0.19328347379650854
LLaVA-Critic,random,0.39999999999999997,1.03214902442399
LLaVA-Critic,oracle,0.44999999999999996,0.28292377600780455
LLaVA-Critic,random,0.44999999999999996,1.0319051133889217
LLaVA-Critic,oracle,0.49999999999999994,0.3546350721060895
LLaVA-Critic,random,0.49999999999999994,1.0312932959364913
LLaVA-Critic,oracle,0.5499999999999999,0.41330733036388034
LLaVA-Critic,random,0.5499999999999999,1.031341858332053
LLaVA-Critic,oracle,0.6,0.462200455276232
LLaVA-Critic,random,0.6,1.0308324151807762
LLaVA-Critic,oracle,0.65,0.5035712619897567
LLaVA-Critic,random,0.65,1.0307211567241987
LLaVA-Critic,oracle,0.7,0.5390317359113815
LLaVA-Critic,random,0.7,1.0306942841813578
LLaVA-Critic,oracle,0.75,0.5706192134554777
LLaVA-Critic,random,0.75,1.031294717594899
LLaVA-Critic,oracle,0.7999999999999999,0.6576727414486359
LLaVA-Critic,random,0.7999999999999999,1.031835518753815
LLaVA-Critic,oracle,0.85,0.736635497867584
LLaVA-Critic,random,0.85,1.0319354549760946
LLaVA-Critic,oracle,0.9,0.8068243668412658
LLaVA-Critic,random,0.9,1.0321193243894298
LLaVA-Critic,oracle,0.95,0.9072921637427884
LLaVA-Critic,random,0.95,1.032384160732152
LLaVA-Critic,oracle,1.0,1.0329216667249763
LLaVA-Critic,random,1.0,1.0329216667249763
Phi-4,cp_width,0.05,0.8571469179154014
Phi-4,cp_width,0.1,0.8584755199055337
Phi-4,cp_width,0.15,0.8760378522603287
Phi-4,cp_width,0.2,0.8797134917851197
Phi-4,cp_width,0.25,0.8784901622879381
Phi-4,cp_width,0.3,0.8899106056463308
Phi-4,cp_width,0.35,0.9022387880460965
Phi-4,cp_width,0.39999999999999997,0.9106099290682519
Phi-4,cp_width,0.44999999999999996,0.9155214137642467
Phi-4,cp_width,0.49999999999999994,0.9164386021486013
Phi-4,cp_width,0.5499999999999999,0.9226528002327237
Phi-4,cp_width,0.6,0.9264672009438684
Phi-4,cp_width,0.65,0.9325263493099974
Phi-4,cp_width,0.7,0.9378147062506407
Phi-4,cp_width,0.75,0.9417441588339125
Phi-4,cp_width,0.7999999999999999,0.9538601104462051
Phi-4,cp_width,0.85,0.9638411465814161
Phi-4,cp_width,0.9,0.9796577039712508
Phi-4,cp_width,0.95,0.9950759251436936
Phi-4,cp_width,1.0,1.0039258682888874
Phi-4,judge_margin,0.05,1.0191426704759297
Phi-4,judge_margin,0.1,0.9849433569443967
Phi-4,judge_margin,0.15,0.9503780981686987
Phi-4,judge_margin,0.2,0.946155835691176
Phi-4,judge_margin,0.25,0.9327560242980772
Phi-4,judge_margin,0.3,0.9374785746492761
Phi-4,judge_margin,0.35,0.9441268534398211
Phi-4,judge_margin,0.39999999999999997,0.9509868131899096
Phi-4,judge_margin,0.44999999999999996,0.9572499105262863
Phi-4,judge_margin,0.49999999999999994,0.9576539939336529
Phi-4,judge_margin,0.5499999999999999,0.9639459388553238
Phi-4,judge_margin,0.6,0.9682196604188569
Phi-4,judge_margin,0.65,0.9711060065992411
Phi-4,judge_margin,0.7,0.98061152220903
Phi-4,judge_margin,0.75,0.9869506927391591
Phi-4,judge_margin,0.7999999999999999,0.9948154425767376
Phi-4,judge_margin,0.85,0.9970348542875297
Phi-4,judge_margin,0.9,0.9993329833209279
Phi-4,judge_margin,0.95,1.002516350737036
Phi-4,judge_margin,1.0,1.0039258682888874
Phi-4,judge_entropy,0.05,1.039639322052293
Phi-4,judge_entropy,0.1,0.9966427907030642
Phi-4,judge_entropy,0.15,0.9573049938118026
Phi-4,judge_entropy,0.2,0.9443041548211217
Phi-4,judge_entropy,0.25,0.9334216074726488
Phi-4,judge_entropy,0.3,0.9373217616488263
Phi-4,judge_entropy,0.35,0.9431419146573349
Phi-4,judge_entropy,0.39999999999999997,0.9515305984666187
Phi-4,judge_entropy,0.44999999999999996,0.9551493723141259
Phi-4,judge_entropy,0.49999999999999994,0.957838815102699
Phi-4,judge_entropy,0.5499999999999999,0.963874990813317
Phi-4,judge_entropy,0.6,0.9673012080961949
Phi-4,judge_entropy,0.65,0.9713152437890498
Phi-4,judge_entropy,0.7,0.9800688828317391
Phi-4,judge_entropy,0.75,0.9862030067375924
Phi-4,judge_entropy,0.7999999999999999,0.9953261243864467
Phi-4,judge_entropy,0.85,0.9961622507954873
Phi-4,judge_entropy,0.9,0.9988926444307232
Phi-4,judge_entropy,0.95,1.0019924420688004
Phi-4,judge_entropy,1.0,1.0039258682888874
Phi-4,oracle,0.05,0.0
Phi-4,random,0.05,0.9953924272143293
Phi-4,oracle,0.1,0.0
Phi-4,random,0.1,0.9958801434500778
Phi-4,oracle,0.15,0.0
Phi-4,random,0.15,0.9976131299769716
Phi-4,oracle,0.2,0.0
Phi-4,random,0.2,0.9985902803485178
Phi-4,oracle,0.25,0.0
Phi-4,random,0.25,1.0022859892321792
Phi-4,oracle,0.3,0.0
Phi-4,random,0.3,1.002002823258071
Phi-4,oracle,0.35,0.014191520804713344
Phi-4,random,0.35,1.0030660786099008
Phi-4,oracle,0.39999999999999997,0.1374255803873732
Phi-4,random,0.39999999999999997,1.0034436979928871
Phi-4,oracle,0.44999999999999996,0.233272670179148
Phi-4,random,0.44999999999999996,1.0032470339240098
Phi-4,oracle,0.49999999999999994,0.30994933129600905
Phi-4,random,0.49999999999999994,1.0021339444703774
Phi-4,oracle,0.5499999999999999,0.37268411836982734
Phi-4,random,0.5499999999999999,1.0026853349014808
Phi-4,oracle,0.6,0.4249626546520164
Phi-4,random,0.6,1.0032520892132761
Phi-4,oracle,0.65,0.46919801868016314
Phi-4,random,0.65,1.0040684497688384
Phi-4,oracle,0.7,0.5071138128027439
Phi-4,random,0.7,1.0035810760760926
Phi-4,oracle,0.75,0.5399739950362136
Phi-4,random,0.75,1.0039034549676715
Phi-4,oracle,0.7999999999999999,0.6206322428597789
Phi-4,random,0.7999999999999999,1.003884448569502
Phi-4,oracle,0.85,0.7017739159064786
Phi-4,random,0.85,1.0038135984849927
Phi-4,oracle,0.9,0.7738995932528183
Phi-4,random,0.9,1.003994890677858
Phi-4,oracle,0.95,0.8778690147013427
Phi-4,random,0.95,1.004212721196523
Phi-4,oracle,1.0,1.0039258682888874
Phi-4,random,1.0,1.0039258682888874
POOLED,cp_width,0.05,0.8041409364485697
POOLED,cp_width,0.1,0.8429513390017361
POOLED,cp_width,0.15,0.8741061285864961
POOLED,cp_width,0.2,0.9066489858766129
POOLED,cp_width,0.25,0.9280783916001847
POOLED,cp_width,0.3,0.9426294595350656
POOLED,cp_width,0.35,0.9492693403959102
POOLED,cp_width,0.39999999999999997,0.9584658001942566
POOLED,cp_width,0.44999999999999996,0.9675370077701292
POOLED,cp_width,0.49999999999999994,0.9789019946071441
POOLED,cp_width,0.5499999999999999,0.9848050436647748
POOLED,cp_width,0.6,0.9870361394701036
POOLED,cp_width,0.65,0.9911564885806103
POOLED,cp_width,0.7,0.9963639918528778
POOLED,cp_width,0.75,1.0030351765124186
POOLED,cp_width,0.7999999999999999,1.0090386923532852
POOLED,cp_width,0.85,1.0215534572427818
POOLED,cp_width,0.9,1.0309746291650872
POOLED,cp_width,0.95,1.0387744293537395
POOLED,cp_width,1.0,1.052947767420793
POOLED,judge_margin,0.05,1.078927659501043
POOLED,judge_margin,0.1,1.0091730316887637
POOLED,judge_margin,0.15,1.024092602039857
POOLED,judge_margin,0.2,1.0558404322658677
POOLED,judge_margin,0.25,1.0504568719910115
POOLED,judge_margin,0.3,1.0565322096284981
POOLED,judge_margin,0.35,1.0395821953200441
POOLED,judge_margin,0.39999999999999997,1.0236643614450593
POOLED,judge_margin,0.44999999999999996,1.0196888327733218
POOLED,judge_margin,0.49999999999999994,1.022965721001957
POOLED,judge_margin,0.5499999999999999,1.0175054634413245
POOLED,judge_margin,0.6,1.0183278695541644
POOLED,judge_margin,0.65,1.0236207269619213
POOLED,judge_margin,0.7,1.027349983644399
POOLED,judge_margin,0.75,1.0331792354509415
POOLED,judge_margin,0.7999999999999999,1.0412550730563905
POOLED,judge_margin,0.85,1.0460741141769296
POOLED,judge_margin,0.9,1.047278067557407
POOLED,judge_margin,0.95,1.0497822554991183
POOLED,judge_margin,1.0,1.052947767420793
POOLED,judge_entropy,0.05,1.1573707989705964
POOLED,judge_entropy,0.1,1.1821356693730936
POOLED,judge_entropy,0.15,1.0823453840974426
POOLED,judge_entropy,0.2,1.07540842238471
POOLED,judge_entropy,0.25,1.0925815978958395
POOLED,judge_entropy,0.3,1.0821374519739633
POOLED,judge_entropy,0.35,1.0612199126118729
POOLED,judge_entropy,0.39999999999999997,1.0409620559749586
POOLED,judge_entropy,0.44999999999999996,1.0324293272270662
POOLED,judge_entropy,0.49999999999999994,1.029982629156933
POOLED,judge_entropy,0.5499999999999999,1.025962348413731
POOLED,judge_entropy,0.6,1.0249197831759782
POOLED,judge_entropy,0.65,1.0293241389700123
POOLED,judge_entropy,0.7,1.031191951919797
POOLED,judge_entropy,0.75,1.0365324227618844
POOLED,judge_entropy,0.7999999999999999,1.0438458672073878
POOLED,judge_entropy,0.85,1.0472524699105699
POOLED,judge_entropy,0.9,1.0483101970606359
POOLED,judge_entropy,0.95,1.0496232730320758
POOLED,judge_entropy,1.0,1.052947767420793
POOLED,oracle,0.05,0.0
POOLED,random,0.05,1.0557259206471812
POOLED,oracle,0.1,0.0
POOLED,random,0.1,1.0547679633279854
POOLED,oracle,0.15,0.0
POOLED,random,0.15,1.0532840153824916
POOLED,oracle,0.2,0.0
POOLED,random,0.2,1.0533739725570377
POOLED,oracle,0.25,0.0
POOLED,random,0.25,1.0538053112921886
POOLED,oracle,0.3,0.0
POOLED,random,0.3,1.0533183560278645
POOLED,oracle,0.35,0.0579845543247004
POOLED,random,0.35,1.0532578834056199
POOLED,oracle,0.39999999999999997,0.17574404844594416
POOLED,random,0.39999999999999997,1.0529255763196916
POOLED,oracle,0.44999999999999996,0.2673332476686408
POOLED,random,0.44999999999999996,1.052811238747976
POOLED,oracle,0.49999999999999994,0.3406036563859772
POOLED,random,0.49999999999999994,1.0528921620427318
POOLED,oracle,0.5499999999999999,0.4005515472784768
POOLED,random,0.5499999999999999,1.0525967255982498
POOLED,oracle,0.6,0.4505076948061836
POOLED,random,0.6,1.0525240028408354
POOLED,oracle,0.65,0.49277797816872015
POOLED,random,0.65,1.0523489404784072
POOLED,oracle,0.7,0.5290094291659946
POOLED,random,0.7,1.0525581933256933
POOLED,oracle,0.75,0.5763503108334673
POOLED,random,0.75,1.0527760582589167
POOLED,oracle,0.7999999999999999,0.6653312162757297
POOLED,random,0.7999999999999999,1.0532783922917295
POOLED,oracle,0.85,0.7438434671558725
POOLED,random,0.85,1.0531773466563863
POOLED,oracle,0.9,0.8137700815000873
POOLED,random,0.9,1.0529861920635204
POOLED,oracle,0.95,0.925261348198057
POOLED,random,0.95,1.0529029131301622
POOLED,oracle,1.0,1.052947767420793
POOLED,random,1.0,1.052947767420793
